{"val_loss": 0.006459356285631657, "loss": 0.004212342668324709, "_timestamp": 1661966108.8584123, "_runtime": 288.3663902282715, "_step": 1000, "gradients/layers.3.bias": {"_type": "histogram", "values": [1.0, 0.0, 0.0, 0.0, 0.0, 0.0, 0.0, 0.0, 1.0, 0.0, 0.0, 0.0, 0.0, 1.0, 0.0, 0.0, 0.0, 0.0, 0.0, 0.0, 0.0, 0.0, 0.0, 0.0, 0.0, 1.0, 0.0, 0.0, 0.0, 0.0, 0.0, 0.0, 0.0, 0.0, 0.0, 0.0, 0.0, 0.0, 0.0, 0.0, 0.0, 0.0, 0.0, 0.0, 0.0, 0.0, 0.0, 0.0, 0.0, 0.0, 0.0, 0.0, 0.0, 0.0, 0.0, 0.0, 0.0, 0.0, 0.0, 0.0, 0.0, 0.0, 0.0, 1.0], "bins": [-0.17752674221992493, -0.1701287031173706, -0.16273067891597748, -0.15533263981342316, -0.14793461561203003, -0.1405365765094757, -0.13313855230808258, -0.12574051320552826, -0.11834248900413513, -0.11094444990158081, -0.10354641824960709, -0.09614838659763336, -0.08875035494565964, -0.08135232329368591, -0.07395429164171219, -0.06655625998973846, -0.05915822833776474, -0.051760196685791016, -0.04436216503381729, -0.03696413338184357, -0.029566099867224693, -0.02216806635260582, -0.014770034700632095, -0.007372003048658371, 2.6028603315353394e-05, 0.007424063980579376, 0.0148220956325531, 0.022220127284526825, 0.02961815893650055, 0.037016190588474274, 0.044414222240448, 0.05181225389242172, 0.05921028554439545, 0.06660831719636917, 0.0740063488483429, 0.08140438050031662, 0.08880241215229034, 0.09620045125484467, 0.10359847545623779, 0.11099651455879211, 0.11839453876018524, 0.12579257786273956, 0.1331906020641327, 0.140588641166687, 0.14798668026924133, 0.15538470447063446, 0.1627827286720276, 0.1701807677745819, 0.17757880687713623, 0.18497684597969055, 0.19237487018108368, 0.199772909283638, 0.20717093348503113, 0.21456897258758545, 0.22196699678897858, 0.2293650358915329, 0.23676306009292603, 0.24416109919548035, 0.25155913829803467, 0.2589571475982666, 0.2663551867008209, 0.27375322580337524, 0.28115126490592957, 0.2885493040084839, 0.2959473133087158]}, "gradients/layers.3.weight": {"_type": "histogram", "values": [1.0, 0.0, 1.0, 0.0, 0.0, 0.0, 0.0, 2.0, 0.0, 0.0, 0.0, 1.0, 1.0, 2.0, 4.0, 2.0, 1.0, 2.0, 4.0, 10.0, 7.0, 8.0, 9.0, 159.0, 14.0, 4.0, 3.0, 2.0, 1.0, 0.0, 1.0, 0.0, 0.0, 1.0, 0.0, 0.0, 1.0, 0.0, 1.0, 0.0, 1.0, 1.0, 2.0, 0.0, 0.0, 0.0, 1.0, 0.0, 0.0, 0.0, 0.0, 0.0, 1.0, 0.0, 0.0, 0.0, 0.0, 0.0, 0.0, 0.0, 0.0, 1.0, 0.0, 1.0], "bins": [-0.058794450014829636, -0.05632665753364563, -0.05385886877775192, -0.05139107629656792, -0.04892328381538391, -0.046455491334199905, -0.0439876988530159, -0.04151991009712219, -0.03905211761593819, -0.03658432513475418, -0.034116536378860474, -0.03164874389767647, -0.029180951416492462, -0.026713158935308456, -0.02424537017941475, -0.021777577698230743, -0.019309785217046738, -0.016841992735862732, -0.014374202117323875, -0.011906410567462444, -0.009438619017601013, -0.006970827467739582, -0.004503035917878151, -0.0020352452993392944, 0.0004325471818447113, 0.002900339663028717, 0.0053681302815675735, 0.00783592090010643, 0.010303713381290436, 0.012771505862474442, 0.015239294618368149, 0.017707087099552155, 0.02017488330602646, 0.022642675787210464, 0.02511046640574932, 0.027578257024288177, 0.030046049505472183, 0.03251384198665619, 0.034981630742549896, 0.0374494232237339, 0.03991721570491791, 0.04238500818610191, 0.04485280066728592, 0.047320589423179626, 0.04978838190436363, 0.05225617438554764, 0.054723963141441345, 0.05719175562262535, 0.05965954810380936, 0.06212734058499336, 0.06459513306617737, 0.06706292182207108, 0.06953071057796478, 0.07199850678443909, 0.0744662955403328, 0.0769340842962265, 0.0794018805027008, 0.08186967670917511, 0.08433746546506882, 0.08680525422096252, 0.08927305042743683, 0.09174083918333054, 0.09420862793922424, 0.09667642414569855, 0.09914421290159225]}, "gradients/layers.2.bias": {"_type": "histogram", "values": [1.0, 0.0, 1.0, 0.0, 0.0, 0.0, 0.0, 0.0, 0.0, 0.0, 0.0, 0.0, 0.0, 0.0, 0.0, 0.0, 1.0, 1.0, 1.0, 1.0, 2.0, 0.0, 1.0, 0.0, 0.0, 0.0, 1.0, 0.0, 1.0, 2.0, 28.0, 0.0, 1.0, 2.0, 1.0, 1.0, 0.0, 0.0, 0.0, 0.0, 2.0, 0.0, 0.0, 0.0, 0.0, 0.0, 0.0, 0.0, 0.0, 1.0, 0.0, 0.0, 0.0, 0.0, 0.0, 0.0, 0.0, 0.0, 0.0, 0.0, 0.0, 0.0, 0.0, 1.0], "bins": [-0.06020728498697281, -0.05821683257818222, -0.05622638016939163, -0.054235927760601044, -0.052245475351810455, -0.05025502294301987, -0.04826457053422928, -0.04627411812543869, -0.0442836657166481, -0.04229321330785751, -0.040302760899066925, -0.03831230849027634, -0.03632185608148575, -0.03433140367269516, -0.03234095126390457, -0.030350498855113983, -0.028360046446323395, -0.026369594037532806, -0.024379141628742218, -0.02238868921995163, -0.02039823681116104, -0.018407784402370453, -0.016417331993579865, -0.014426879584789276, -0.012436427175998688, -0.0104459747672081, -0.008455522358417511, -0.006465069949626923, -0.004474617540836334, -0.002484165132045746, -0.0004937127232551575, 0.001496739685535431, 0.0034871846437454224, 0.005477637052536011, 0.007468089461326599, 0.009458541870117188, 0.011448994278907776, 0.013439446687698364, 0.015429899096488953, 0.01742035150527954, 0.01941080391407013, 0.021401256322860718, 0.023391708731651306, 0.025382161140441895, 0.027372613549232483, 0.02936306595802307, 0.03135351836681366, 0.03334397077560425, 0.035334423184394836, 0.037324875593185425, 0.03931532800197601, 0.0413057804107666, 0.04329623281955719, 0.04528668522834778, 0.04727713763713837, 0.049267590045928955, 0.05125804245471954, 0.05324849486351013, 0.05523894727230072, 0.05722939968109131, 0.0592198520898819, 0.061210304498672485, 0.06320075690746307, 0.06519120931625366, 0.06718166172504425]}, "gradients/layers.2.weight": {"_type": "histogram", "values": [2.0, 0.0, 0.0, 0.0, 0.0, 0.0, 0.0, 2.0, 0.0, 0.0, 0.0, 0.0, 0.0, 0.0, 1.0, 2.0, 1.0, 1.0, 1.0, 0.0, 3.0, 4.0, 1.0, 4.0, 1.0, 1.0, 5.0, 4.0, 4.0, 9.0, 9.0, 5.0, 10.0, 10.0, 11.0, 14.0, 30.0, 2176.0, 100.0, 26.0, 17.0, 11.0, 6.0, 4.0, 4.0, 5.0, 1.0, 0.0, 3.0, 2.0, 1.0, 1.0, 1.0, 1.0, 0.0, 0.0, 0.0, 2.0, 0.0, 0.0, 0.0, 1.0, 0.0, 3.0], "bins": [-0.023723341524600983, -0.023096557706594467, -0.0224697757512331, -0.021842991933226585, -0.02121620997786522, -0.020589426159858704, -0.019962642341852188, -0.019335858523845673, -0.018709076568484306, -0.01808229461312294, -0.017455510795116425, -0.01682872697710991, -0.016201943159103394, -0.015575161203742027, -0.014948377385735512, -0.014321594499051571, -0.01369481161236763, -0.013068028725683689, -0.012441245838999748, -0.011814462020993233, -0.011187679134309292, -0.010560896247625351, -0.009934112429618835, -0.009307329542934895, -0.008680546656250954, -0.008053763769567013, -0.007426980417221785, -0.006800197064876556, -0.0061734141781926155, -0.005546631291508675, -0.004919847473502159, -0.004293064586818218, -0.003666279837489128, -0.0030394967179745436, -0.002412713598459959, -0.0017859304789453745, -0.00115914735943079, -0.0005323642399162054, 9.441887959837914e-05, 0.0007212022319436073, 0.0013479851186275482, 0.001974768005311489, 0.0026015513576567173, 0.0032283347100019455, 0.0038551175966858864, 0.004481900483369827, 0.005108684301376343, 0.005735467188060284, 0.0063622500747442245, 0.0069890329614281654, 0.007615816313773394, 0.008242599666118622, 0.008869382552802563, 0.009496165439486504, 0.010122949257493019, 0.01074973214417696, 0.011376515030860901, 0.012003297917544842, 0.012630080804228783, 0.013256864622235298, 0.013883647508919239, 0.01451043039560318, 0.015137214213609695, 0.01576399803161621, 0.016390779986977577]}, "gradients/layers.1.bias": {"_type": "histogram", "values": [2.0, 1.0, 0.0, 0.0, 0.0, 0.0, 0.0, 0.0, 0.0, 0.0, 0.0, 1.0, 0.0, 1.0, 1.0, 0.0, 1.0, 1.0, 0.0, 0.0, 0.0, 0.0, 0.0, 0.0, 0.0, 2.0, 2.0, 0.0, 1.0, 1.0, 0.0, 22.0, 2.0, 0.0, 2.0, 1.0, 2.0, 0.0, 0.0, 0.0, 0.0, 3.0, 1.0, 0.0, 0.0, 0.0, 0.0, 1.0, 0.0, 0.0, 1.0, 0.0, 0.0, 0.0, 0.0, 0.0, 0.0, 0.0, 0.0, 0.0, 0.0, 0.0, 0.0, 1.0],