{"val_loss": 0.0070969280786812305, "loss": 0.007251136936247349, "_timestamp": 1661967643.147975, "_runtime": 377.58389687538147, "_step": 1000, "gradients/layers.4.bias": {"_type": "histogram", "values": [1.0, 0.0, 0.0, 0.0, 0.0, 0.0, 0.0, 0.0, 0.0, 0.0, 0.0, 0.0, 0.0, 1.0, 0.0, 0.0, 0.0, 0.0, 0.0, 0.0, 0.0, 0.0, 0.0, 0.0, 0.0, 0.0, 0.0, 0.0, 0.0, 0.0, 0.0, 0.0, 0.0, 0.0, 0.0, 0.0, 0.0, 0.0, 0.0, 0.0, 0.0, 0.0, 0.0, 0.0, 0.0, 0.0, 0.0, 0.0, 0.0, 0.0, 0.0, 0.0, 0.0, 0.0, 0.0, 0.0, 0.0, 0.0, 0.0, 0.0, 0.0, 0.0, 0.0, 1.0], "bins": [-0.05474655702710152, -0.05465312674641609, -0.05455969646573067, -0.05446626991033554, -0.054372839629650116, -0.05427940934896469, -0.054185979068279266, -0.05409255251288414, -0.053999122232198715, -0.05390569195151329, -0.053812261670827866, -0.05371883139014244, -0.053625404834747314, -0.05353197455406189, -0.053438544273376465, -0.05334511399269104, -0.053251683712005615, -0.05315825343132019, -0.053064823150634766, -0.05297139659523964, -0.052877966314554214, -0.05278453603386879, -0.052691105753183365, -0.05259767919778824, -0.052504248917102814, -0.05241081863641739, -0.052317388355731964, -0.05222395807504654, -0.05213053151965141, -0.05203710123896599, -0.05194367095828056, -0.05185024067759514, -0.05175681412220001, -0.05166338384151459, -0.05156995356082916, -0.051476527005434036, -0.05138309672474861, -0.05128966644406319, -0.05119623616337776, -0.051102809607982635, -0.05100937932729721, -0.050915949046611786, -0.05082251876592636, -0.050729088485240936, -0.05063566192984581, -0.050542231649160385, -0.05044880136847496, -0.050355371087789536, -0.05026194453239441, -0.050168514251708984, -0.05007508397102356, -0.04998165741562843, -0.04988822713494301, -0.049794796854257584, -0.04970136657357216, -0.04960794001817703, -0.04951450973749161, -0.04942107945680618, -0.04932764917612076, -0.04923421889543533, -0.04914079234004021, -0.04904736205935478, -0.04895393177866936, -0.04886050149798393, -0.04876707121729851]}, "gradients/layers.4.weight": {"_type": "histogram", "values": [1.0, 1.0, 2.0, 1.0, 1.0, 0.0, 0.0, 2.0, 0.0, 2.0, 2.0, 0.0, 0.0, 1.0, 0.0, 1.0, 2.0, 2.0, 4.0, 9.0, 3.0, 2.0, 6.0, 5.0, 3.0, 2.0, 0.0, 2.0, 0.0, 0.0, 3.0, 3.0, 1.0, 10.0, 7.0, 3.0, 4.0, 4.0, 4.0, 4.0, 2.0, 5.0, 2.0, 4.0, 5.0, 6.0, 1.0, 12.0, 2.0, 2.0, 4.0, 3.0, 0.0, 4.0, 2.0, 2.0, 76.0, 13.0, 8.0, 11.0, 15.0, 13.0, 8.0, 3.0], "bins": [-0.019976509734988213, -0.019625093787908554, -0.019273677840828896, -0.018922261893749237, -0.01857084594666958, -0.01821942813694477, -0.017868012189865112, -0.017516596242785454, -0.017165180295705795, -0.016813764348626137, -0.01646234840154648, -0.01611093245446682, -0.01575951650738716, -0.015408099628984928, -0.01505668368190527, -0.014705266803503036, -0.014353850856423378, -0.01400243490934372, -0.013651018962264061, -0.013299602083861828, -0.01294818613678217, -0.01259677018970251, -0.012245354242622852, -0.01189393736422062, -0.01154252141714096, -0.011191105470061302, -0.010839689522981644, -0.010488273575901985, -0.010136857628822327, -0.009785440750420094, -0.009434024803340435, -0.009082607924938202, -0.008731192909181118, -0.00837977696210146, -0.008028361015021801, -0.007676944602280855, -0.007325528189539909, -0.006974112242460251, -0.006622696295380592, -0.0062712798826396465, -0.005919863469898701, -0.005568447522819042, -0.005217031575739384, -0.004865615162998438, -0.004514199215918779, -0.0041627828031778336, -0.003811366856098175, -0.0034599504433572292, -0.0031085347291082144, -0.002757118549197912, -0.00240570236928761, -0.002054286189377308, -0.0017028701258823276, -0.0013514539459720254, -0.001000037882477045, -0.0006486217025667429, -0.00029720552265644073, 5.421065725386143e-05, 0.0004056268371641636, 0.0007570430170744658, 0.0011084589641541243, 0.00145987537689507, 0.0018112913239747286, 0.0021627077367156744, 0.002514123683795333]}, "gradients/layers.3.bias": {"_type": "histogram", "values": [1.0, 0.0, 0.0, 0.0, 0.0, 0.0, 0.0, 0.0, 0.0, 1.0, 1.0, 0.0, 0.0, 0.0, 0.0, 2.0, 0.0, 0.0, 0.0, 1.0, 0.0, 0.0, 1.0, 0.0, 1.0, 1.0, 4.0, 21.0, 5.0, 1.0, 1.0, 1.0, 6.0, 4.0, 1.0, 5.0, 5.0, 3.0, 5.0, 3.0, 1.0, 2.0, 3.0, 6.0, 4.0, 1.0, 1.0, 1.0, 0.0, 2.0, 0.0, 0.0, 0.0, 1.0, 0.0, 1.0, 1.0, 0.0, 0.0, 0.0, 1.0, 0.0, 0.0, 1.0], "bins": [-0.004726880695670843, -0.004556726664304733, -0.004386573098599911, -0.004216419532895088, -0.004046265501528978, -0.003876111702993512, -0.003705957904458046, -0.0035358041059225798, -0.0033656503073871136, -0.0031954965088516474, -0.003025342710316181, -0.002855188911780715, -0.002685035113245249, -0.0025148813147097826, -0.0023447275161743164, -0.00217457371763885, -0.002004419919103384, -0.0018342661205679178, -0.0016641123220324516, -0.0014939585234969854, -0.0013238047249615192, -0.001153650926426053, -0.0009834971278905869, -0.0008133433293551207, -0.0006431895308196545, -0.00047303573228418827, -0.0003028819337487221, -0.00013272813521325588, 3.742566332221031e-05, 0.0002075794618576765, 0.0003777332603931427, 0.0005478870589286089, 0.0007180403918027878, 0.000888194190338254, 0.0010583479888737202, 0.0012285017874091864, 0.0013986555859446526, 0.0015688093844801188, 0.001738963183015585, 0.0019091169815510511, 0.0020792707800865173, 0.0022494245786219835, 0.0024195783771574497, 0.002589732175692916, 0.002759885974228382, 0.0029300397727638483, 0.0031001935712993145, 0.0032703473698347807, 0.003440501168370247, 0.003610654966905713, 0.0037808087654411793, 0.003950962796807289, 0.004121116362512112, 0.004291269928216934, 0.004461423959583044, 0.004631577990949154, 0.0048017315566539764, 0.004971885122358799, 0.005142039153724909, 0.005312193185091019, 0.005482346750795841, 0.005652500316500664, 0.005822654347866774, 0.0059928083792328835, 0.006162961944937706]}, "gradients/layers.3.weight": {"_type": "histogram", "values": [1.0, 0.0, 0.0, 1.0, 1.0, 1.0, 2.0, 1.0, 1.0, 2.0, 1.0, 2.0, 3.0, 2.0, 0.0, 2.0, 5.0, 9.0, 15.0, 25.0, 65.0, 156.0, 499.0, 6960.0, 545.0, 360.0, 270.0, 185.0, 174.0, 143.0, 133.0, 92.0, 69.0, 75.0, 50.0, 31.0, 20.0, 24.0, 19.0, 13.0, 8.0, 4.0, 5.0, 5.0, 1.0, 6.0, 4.0, 2.0, 2.0, 2.0, 0.0, 1.0, 0.0, 1.0, 0.0, 1.0, 0.0, 0.0, 0.0, 0.0, 0.0, 0.0, 0.0, 1.0], "bins": [-0.002102581551298499, -0.0020130835473537445, -0.00192358554340899, -0.0018340875394642353, -0.0017445895355194807, -0.001655091531574726, -0.0015655936440452933, -0.0014760956401005387, -0.0013865976361557841, -0.0012970996322110295, -0.001207601628266275, -0.0011181036243215203, -0.0010286057367920876, -0.000939107732847333, -0.0008496097289025784, -0.0007601117249578238, -0.0006706137210130692, -0.0005811157170683146, -0.00049161771312356, -0.00040211976738646626, -0.00031262176344171166, -0.00022312375949695706, -0.00013362581375986338, -4.4127809815108776e-05, 4.5370194129645824e-05, 0.00013486819807440042, 0.00022436620201915503, 0.0003138642059639096, 0.0004033620934933424, 0.000492860097438097, 0.0005823581013828516, 0.0006718561053276062, 0.0007613543421030045, 0.0008508523460477591, 0.0009403503499925137, 0.0010298483539372683, 0.0011193463578820229, 0.0012088443618267775, 0.0012983422493562102, 0.0013878402533009648, 0.0014773382572457194, 0.001566836261190474, 0.0016563342651352286, 0.0017458322690799832, 0.001835330156609416, 0.0019248281605541706, 0.002014326164498925, 0.00210382416844368, 0.0021933221723884344, 0.002282820176333189, 0.0023723181802779436, 0.002461816184222698, 0.002551314188167453, 0.0026408121921122074, 0.0027303099632263184, 0.0028198082000017166, 0.0029093059711158276, 0.002998804207891226, 0.0030883019790053368, 0.003177800215780735, 0.003267297986894846, 0.0033567959908396006, 0.003446293994784355, 0.0035357919987291098, 0.0036252900026738644]}, "gradients/layers.2.bias": {"_type": "histogram",