{"val_loss": 0.008496596477925777, "loss": 0.007104977965354919, "_timestamp": 1661967690.5131087, "_runtime": 439.2757217884064, "_step": 1004, "gradients/layers.4.bias": {"_type": "histogram", "values": [1.0, 0.0, 0.0, 0.0, 0.0, 0.0, 0.0, 0.0, 0.0, 0.0, 0.0, 0.0, 0.0, 0.0, 0.0, 0.0, 0.0, 0.0, 0.0, 0.0, 0.0, 0.0, 0.0, 0.0, 0.0, 0.0, 0.0, 0.0, 0.0, 0.0, 0.0, 0.0, 0.0, 0.0, 0.0, 0.0, 0.0, 0.0, 0.0, 0.0, 0.0, 0.0, 0.0, 0.0, 0.0, 0.0, 0.0, 0.0, 0.0, 0.0, 0.0, 0.0, 0.0, 0.0, 0.0, 0.0, 0.0, 0.0, 0.0, 0.0, 0.0, 0.0, 0.0, 1.0], "bins": [0.2370011806488037, 0.23708704113960266, 0.2371729165315628, 0.23725877702236176, 0.2373446524143219, 0.23743051290512085, 0.237516388297081, 0.23760224878787994, 0.2376881241798401, 0.23777398467063904, 0.23785986006259918, 0.23794572055339813, 0.23803159594535828, 0.23811745643615723, 0.23820333182811737, 0.23828919231891632, 0.23837506771087646, 0.23846092820167542, 0.23854680359363556, 0.2386326640844345, 0.23871853947639465, 0.2388043999671936, 0.23889027535915375, 0.2389761358499527, 0.23906201124191284, 0.2391478717327118, 0.23923374712467194, 0.2393196076154709, 0.23940548300743103, 0.23949134349822998, 0.23957721889019012, 0.23966307938098907, 0.23974893987178802, 0.23983480036258698, 0.23992067575454712, 0.24000653624534607, 0.2400924116373062, 0.24017827212810516, 0.2402641475200653, 0.24035000801086426, 0.2404358834028244, 0.24052174389362335, 0.2406076192855835, 0.24069347977638245, 0.2407793551683426, 0.24086521565914154, 0.24095109105110168, 0.24103695154190063, 0.24112281203269958, 0.24120867252349854, 0.24129454791545868, 0.24138040840625763, 0.24146628379821777, 0.24155214428901672, 0.24163801968097687, 0.24172388017177582, 0.24180975556373596, 0.2418956160545349, 0.24198149144649506, 0.242067351937294, 0.24215322732925415, 0.2422390878200531, 0.24232496321201324, 0.2424108237028122, 0.24249669909477234]}, "gradients/layers.4.weight": {"_type": "histogram", "values": [2.0, 0.0, 0.0, 44.0, 0.0, 0.0, 2.0, 0.0, 4.0, 0.0, 3.0, 8.0, 5.0, 4.0, 2.0, 4.0, 7.0, 3.0, 2.0, 6.0, 1.0, 4.0, 5.0, 3.0, 8.0, 6.0, 8.0, 1.0, 7.0, 8.0, 5.0, 3.0, 3.0, 6.0, 4.0, 5.0, 0.0, 1.0, 3.0, 3.0, 1.0, 1.0, 0.0, 0.0, 1.0, 0.0, 2.0, 0.0, 2.0, 1.0, 1.0, 2.0, 1.0, 1.0, 2.0, 2.0, 0.0, 0.0, 1.0, 0.0, 0.0, 1.0, 0.0, 1.0], "bins": [-0.001477763638831675, -0.001104489783756435, -0.0007312159286811948, -0.00035794207360595465, 1.5331781469285488e-05, 0.0003886056365445256, 0.0007618794916197658, 0.001135153346695006, 0.001508427201770246, 0.0018817010568454862, 0.002254975028336048, 0.0026282486505806446, 0.0030015227384865284, 0.003374796826392412, 0.0037480704486370087, 0.004121344070881605, 0.004494618158787489, 0.004867891781032085, 0.005241165868937969, 0.005614439956843853, 0.0059877135790884495, 0.006360987201333046, 0.00673426128923893, 0.0071075353771448135, 0.00748080899938941, 0.007854082621634007, 0.00822735670953989, 0.0086006298661232, 0.008973903954029083, 0.009347178041934967, 0.00972045212984085, 0.010093726217746735, 0.010467000305652618, 0.010840274393558502, 0.011213548481464386, 0.011586821638047695, 0.011960095725953579, 0.012333369813859463, 0.012706642970442772, 0.013079917058348656, 0.01345319114625454, 0.013826465234160423, 0.014199739322066307, 0.014573012478649616, 0.0149462865665555, 0.015319560654461384, 0.015692833811044693, 0.016066107898950577, 0.01643938198685646, 0.016812656074762344, 0.017185930162668228, 0.017559204250574112, 0.017932478338479996, 0.01830575056374073, 0.018679024651646614, 0.019052298739552498, 0.01942557282745838, 0.019798846915364265, 0.02017212100327015, 0.020545393228530884, 0.020918667316436768, 0.02129194140434265, 0.021665215492248535, 0.02203848958015442, 0.022411763668060303]}, "gradients/layers.3.bias": {"_type": "histogram", "values": [4.0, 2.0, 7.0, 19.0, 8.0, 5.0, 7.0, 0.0, 22.0, 0.0, 0.0, 0.0, 0.0, 0.0, 0.0, 0.0, 2.0, 1.0, 0.0, 3.0, 0.0, 0.0, 0.0, 1.0, 0.0, 0.0, 0.0, 1.0, 1.0, 1.0, 3.0, 2.0, 1.0, 2.0, 2.0, 1.0, 0.0, 0.0, 1.0, 2.0, 0.0, 1.0, 0.0, 0.0, 0.0, 0.0, 0.0, 0.0, 0.0, 0.0, 0.0, 0.0, 0.0, 0.0, 0.0, 0.0, 0.0, 0.0, 0.0, 0.0, 0.0, 0.0, 0.0, 1.0], "bins": [-0.004208100028336048, -0.0037373050581663847, -0.0032665100879967213, -0.0027957153506577015, -0.002324920380488038, -0.0018541254103183746, -0.0013833306729793549, -0.0009125357028096914, -0.000441740732640028, 2.9054004698991776e-05, 0.0004998492076992989, 0.0009706439450383186, 0.0014414386823773384, 0.0019122338853776455, 0.0023830286227166653, 0.0028538238257169724, 0.003324618563055992, 0.0037954135332256556, 0.004266208503395319, 0.004737003240734339, 0.005207798443734646, 0.005678593181073666, 0.006149387918412685, 0.006620182655751705, 0.007090977858752012, 0.007561772596091032, 0.008032567799091339, 0.008503362536430359, 0.008974157273769379, 0.009444952011108398, 0.009915746748447418, 0.010386542417109013, 0.010857336223125458, 0.011328130960464478, 0.011798925697803497, 0.012269720435142517, 0.012740516103804111, 0.013211310841143131, 0.013682105578482151, 0.01415290031582117, 0.014623695984482765, 0.015094490721821785, 0.015565285459160805, 0.016036080196499825, 0.016506874933838844, 0.016977669671177864, 0.017448464408516884, 0.017919261008501053, 0.018390055745840073, 0.018860850483179092, 0.019331645220518112, 0.019802439957857132, 0.02027323469519615, 0.02074402943253517, 0.02121482416987419, 0.02168562076985836, 0.02215641550719738, 0.0226272102445364, 0.02309800498187542, 0.02356879971921444, 0.02403959445655346, 0.02451038919389248, 0.0249811839312315, 0.025451980531215668, 0.02592277340590954]}, "gradients/layers.3.weight": {"_type": "histogram", "values": [13.0, 32.0, 129.0, 338.0, 604.0, 1324.0, 6696.0, 251.0, 108.0, 69.0, 67.0, 67.0, 51.0, 45.0, 43.0, 37.0, 24.0, 11.0, 9.0, 10.0, 17.0, 10.0, 6.0, 9.0, 2.0, 3.0, 3.0, 2.0, 4.0, 2.0, 2.0, 2.0, 2.0, 2.0, 0.0, 0.0, 1.0, 0.0, 0.0, 0.0, 1.0, 0.0, 1.0, 1.0, 0.0, 0.0, 0.0, 0.0, 0.0, 0.0, 0.0, 0.0, 0.0, 0.0, 0.0, 0.0, 0.0, 0.0, 0.0, 0.0, 0.0, 1.0, 0.0, 1.0], "bins": [-0.0005455705104395747, -0.00046046084025874734, -0.00037535117007791996, -0.0002902414998970926, -0.0002051318297162652, -0.00012002215953543782, -3.491248935461044e-05, 5.0197180826216936e-05, 0.00013530685100704432, 0.0002204165211878717, 0.0003055261913686991, 0.00039063586154952645, 0.00047574553173035383, 0.0005608551437035203, 0.0006459648720920086, 0.0007310746004804969, 0.0008161842124536633, 0.0009012938826344907, 0.000986403552815318, 0.0010715131647884846, 0.0011566228931769729, 0.0012417326215654612, 0.0013268422335386276, 0.001411951845511794, 0.0014970615739002824, 0.0015821713022887707, 0.0016672809142619371, 0.0017523905262351036, 0.001837500254623592, 0.0019226098665967584, 0.0020077195949852467, 0.0020928294397890568, 0.0021779388189315796, 0.002263048430904746, 0.0023481580428779125, 0.0024332678876817226, 0.002518377499654889, 0.0026034871116280556, 0.0026885969564318657, 0.002773706568405032, 0.0028588161803781986, 0.002943925792351365, 0.0030290354043245316, 0.0031141452491283417, 0.003199254861101508, 0.0032843644730746746, 0.0033694743178784847, 0.003454583929851651, 0.0035396935418248177, 0.003624803153797984, 0.0037099127657711506, 0.0037950226105749607, 0.003880132222548127, 0.003965241834521294, 0.004050351679325104, 0.004135461058467627, 0.004220570903271437, 0.004305680748075247, 0.00439079012721777, 0.00447589997202158, 0.00456100981682539, 0.004646119195967913, 0.004731229040771723, 0.004816338419914246, 0.004901448264718056]}, "gradients/layers.2.bias": {"_type": "histogram", "values": [1.0, 0.0, 0.0, 0.0, 0.0, 1.0, 0.0, 0.0, 0.0, 0.0, 1.0, 0.0, 0.0, 0.0, 2.0, 1.0, 1.0, 1.0, 0.0, 0.0, 0.0, 0.0, 0.0, 1.0, 0.0, 0.0, 2.0, 2.0, 1.0, 2.0, 4.0, 3.0, 8.0, 4.0, 17.0, 7.0, 8.0, 5.0, 4.0, 4.0, 1.0, 0.0, 2.0, 1.0, 3.0, 0.0, 2.0, 1.0, 0.0, 2.0, 2.0, 2.0, 1.0, 0.0, 1.0, 1.0, 0.0, 0.0, 0.0, 0.0, 0.0, 0.0, 0.0, 1.0],