{"val_loss": 0.0035626243334263563, "loss": 0.002866885391995311, "_timestamp": 1661964752.4122958, "_runtime": 261.40316581726074, "_step": 1002, "gradients/layers.3.bias": {"_type": "histogram", "values": [1.0, 0.0, 0.0, 0.0, 0.0, 0.0, 0.0, 0.0, 0.0, 0.0, 0.0, 0.0, 0.0, 0.0, 0.0, 0.0, 0.0, 0.0, 0.0, 0.0, 0.0, 0.0, 0.0, 0.0, 0.0, 0.0, 0.0, 0.0, 0.0, 0.0, 0.0, 0.0, 0.0, 0.0, 0.0, 0.0, 0.0, 0.0, 0.0, 0.0, 0.0, 0.0, 0.0, 0.0, 0.0, 0.0, 0.0, 0.0, 0.0, 0.0, 0.0, 0.0, 0.0, 0.0, 0.0, 0.0, 0.0, 0.0, 0.0, 0.0, 0.0, 0.0, 0.0, 1.0], "bins": [-0.4065515100955963, -0.39838114380836487, -0.3902108073234558, -0.38204044103622437, -0.3738700747489929, -0.3656997084617615, -0.3575293719768524, -0.34935900568962097, -0.3411886394023895, -0.33301830291748047, -0.324847936630249, -0.3166775703430176, -0.30850720405578613, -0.3003368675708771, -0.29216650128364563, -0.2839961349964142, -0.2758257985115051, -0.2676554322242737, -0.2594850957393646, -0.2513147294521332, -0.24314436316490173, -0.23497401177883148, -0.22680366039276123, -0.21863329410552979, -0.21046292781829834, -0.2022925764322281, -0.19412222504615784, -0.1859518587589264, -0.17778150737285614, -0.1696111559867859, -0.16144078969955444, -0.153270423412323, -0.14510007202625275, -0.1369297206401825, -0.12875935435295105, -0.1205890029668808, -0.11241863667964935, -0.1042482852935791, -0.09607792645692825, -0.0879075676202774, -0.07973720878362656, -0.07156684994697571, -0.06339649111032486, -0.05522613227367401, -0.04705578088760376, -0.03888542205095291, -0.030715063214302063, -0.022544704377651215, -0.014374345541000366, -0.0062039876356720924, 0.0019663702696561813, 0.01013672724366188, 0.01830708608031273, 0.026477444916963577, 0.03464780002832413, 0.042818158864974976, 0.050988517701625824, 0.05915887653827667, 0.06732923537492752, 0.07549959421157837, 0.08366994559764862, 0.09184030443429947, 0.10001066327095032, 0.10818102210760117, 0.11635138094425201]}, "gradients/layers.3.weight": {"_type": "histogram", "values": [1.0, 0.0, 1.0, 0.0, 0.0, 0.0, 2.0, 0.0, 0.0, 1.0, 0.0, 0.0, 1.0, 0.0, 0.0, 0.0, 0.0, 0.0, 0.0, 0.0, 0.0, 0.0, 0.0, 0.0, 0.0, 0.0, 0.0, 0.0, 1.0, 0.0, 0.0, 0.0, 0.0, 1.0, 0.0, 0.0, 0.0, 0.0, 0.0, 0.0, 0.0, 0.0, 1.0, 0.0, 2.0, 1.0, 4.0, 74.0, 1.0, 1.0, 0.0, 0.0, 0.0, 1.0, 0.0, 1.0, 0.0, 0.0, 1.0, 1.0, 0.0, 1.0, 1.0, 2.0], "bins": [-0.11109831929206848, -0.1087711825966835, -0.10644403845071793, -0.10411690175533295, -0.10178975760936737, -0.09946262091398239, -0.09713548421859741, -0.09480834007263184, -0.09248120337724686, -0.09015405923128128, -0.0878269225358963, -0.08549977838993073, -0.08317264169454575, -0.08084550499916077, -0.07851836085319519, -0.07619122415781021, -0.07386408746242523, -0.07153695076704025, -0.06920980662107468, -0.0668826699256897, -0.06455552577972412, -0.06222838908433914, -0.059901248663663864, -0.057574108242988586, -0.05524697154760361, -0.05291982740163803, -0.05059269070625305, -0.048265550285577774, -0.045938409864902496, -0.04361127316951752, -0.04128413274884224, -0.03895699232816696, -0.03662984445691109, -0.03430270403623581, -0.03197556361556053, -0.029648425057530403, -0.027321286499500275, -0.024994146078824997, -0.02266700565814972, -0.02033986710011959, -0.018012726679444313, -0.015685586258769035, -0.013358447700738907, -0.01103130728006363, -0.008704166859388351, -0.006377028301358223, -0.0040498897433280945, -0.0017227493226528168, 0.0006043910980224609, 0.0029315308202058077, 0.0052586705423891544, 0.007585810497403145, 0.009912949986755848, 0.012240089476108551, 0.014567229896783829, 0.016894368454813957, 0.019221508875489235, 0.021548649296164513, 0.02387578785419464, 0.02620292827486992, 0.028530068695545197, 0.030857207253575325, 0.033184345811605453, 0.03551148623228073, 0.03783862665295601]}, "gradients/layers.2.bias": {"_type": "histogram", "values": [2.0, 0.0, 0.0, 0.0, 0.0, 0.0, 1.0, 0.0, 1.0, 0.0, 1.0, 0.0, 37.0, 0.0, 1.0, 0.0, 1.0, 0.0, 0.0, 0.0, 0.0, 0.0, 0.0, 0.0, 0.0, 0.0, 0.0, 0.0, 0.0, 0.0, 0.0, 0.0, 1.0, 0.0, 1.0, 0.0, 0.0, 0.0, 1.0, 0.0, 1.0, 1.0, 0.0, 0.0, 0.0, 0.0, 0.0, 0.0, 0.0, 0.0, 0.0, 0.0, 0.0, 0.0, 0.0, 0.0, 0.0, 0.0, 0.0, 0.0, 0.0, 0.0, 0.0, 1.0], "bins": [-0.027313141152262688, -0.025077983736991882, -0.022842828184366226, -0.02060767076909542, -0.018372513353824615, -0.01613735780119896, -0.013902200385928154, -0.011667044833302498, -0.009431887418031693, -0.007196730002760887, -0.004961574450135231, -0.0027264170348644257, -0.0004912596195936203, 0.0017438959330320358, 0.003979051485657692, 0.0062142107635736465, 0.008449366316199303, 0.010684522800147533, 0.012919679284095764, 0.01515483669936657, 0.017389994114637375, 0.01962514966726303, 0.021860307082533836, 0.024095462635159492, 0.026330620050430298, 0.028565777465701103, 0.03080093301832676, 0.033036090433597565, 0.03527124971151352, 0.03750640153884888, 0.03974156081676483, 0.041976720094680786, 0.044211871922016144, 0.0464470274746418, 0.048682186752557755, 0.05091734230518341, 0.05315249785780907, 0.05538765341043472, 0.05762281268835068, 0.059857968240976334, 0.06209312379360199, 0.06432828307151794, 0.0665634423494339, 0.06879859417676926, 0.07103375345468521, 0.07326890528202057, 0.07550406455993652, 0.07773922383785248, 0.07997438311576843, 0.08220954239368439, 0.08444469422101974, 0.0866798534989357, 0.08891501277685165, 0.09115016460418701, 0.09338532388210297, 0.09562048316001892, 0.09785563498735428, 0.10009079426527023, 0.10232594609260559, 0.10456110537052155, 0.1067962646484375, 0.10903142392635345, 0.11126657575368881, 0.11350173503160477, 0.11573688685894012]}, "gradients/layers.2.weight": {"_type": "histogram", "values": [1.0, 0.0, 1.0, 0.0, 0.0, 1.0, 0.0, 1.0, 1.0, 1.0, 1.0, 1.0, 5.0, 3.0, 2450.0, 5.0, 6.0, 5.0, 2.0, 4.0, 2.0, 1.0, 2.0, 0.0, 0.0, 0.0, 1.0, 0.0, 0.0, 0.0, 0.0, 0.0, 1.0, 0.0, 0.0, 0.0, 0.0, 0.0, 0.0, 1.0, 0.0, 1.0, 0.0, 1.0, 0.0, 1.0, 0.0, 0.0, 0.0, 0.0, 0.0, 0.0, 0.0, 0.0, 0.0, 0.0, 0.0, 0.0, 0.0, 0.0, 0.0, 0.0, 0.0, 1.0], "bins": [-0.010250916704535484, -0.009527702815830708, -0.008804487995803356, -0.00808127410709858, -0.007358059752732515, -0.006634845398366451, -0.0059116315096616745, -0.00518841715529561, -0.004465202800929546, -0.0037419884465634823, -0.003018774092197418, -0.0022955602034926414, -0.0015723463147878647, -0.0008491314947605133, -0.00012591760605573654, 0.0005972972139716148, 0.0013205111026763916, 0.0020437254570424557, 0.002766939578577876, 0.0034901537001132965, 0.004213368054479361, 0.004936582408845425, 0.005659796297550201, 0.0063830106519162655, 0.0071062250062823296, 0.007829438894987106, 0.008552653715014458, 0.009275867603719234, 0.009999081492424011, 0.010722296312451363, 0.01144551020115614, 0.01216872502118349, 0.012891937047243118, 0.013615150935947895, 0.014338365755975246, 0.015061579644680023, 0.015784794464707375, 0.016508009284734726, 0.017231222242116928, 0.01795443706214428, 0.01867765188217163, 0.019400864839553833, 0.020124079659581184, 0.020847294479608536, 0.021570507436990738, 0.02229372225701809, 0.02301693707704544, 0.023740150034427643, 0.024463364854454994, 0.025186579674482346, 0.025909792631864548, 0.0266330074518919, 0.02735622227191925, 0.028079435229301453, 0.028802650049328804, 0.029525864869356155, 0.030249077826738358, 0.03097229264676571, 0.03169550746679306, 0.03241872042417526, 0.033141933381557465, 0.033865150064229965, 0.03458836302161217, 0.03531157970428467, 0.03603479266166687]}, "gradients/layers.1.bias": {"_type": "histogram", "values": [1.0, 0.0, 0.0, 0.0, 0.0, 0.0, 0.0, 0.0, 0.0, 0.0, 0.0, 0.0, 0.0, 0.0, 0.0, 0.0, 2.0, 0.0, 0.0, 0.0, 0.0, 0.0, 0.0, 0.0, 0.0, 1.0, 0.0, 0.0, 0.0, 44.0, 0.0, 0.0, 0.0, 0.0, 1.0, 0.0, 0.0, 0.0, 0.0, 0.0, 0.0, 0.0, 0.0, 0.0, 0.0, 0.0, 0.0, 0.0, 0.0, 0.0, 0.0, 0.0, 0.0, 0.0, 0.0, 0.0, 0.0, 0.0, 0.0, 0.0, 0.0, 0.0, 0.0, 1.0],