{"val_loss": 0.004903870634734631, "loss": 0.0033449758775532246, "_timestamp": 1661964986.4777102, "_runtime": 282.0920503139496, "_step": 879, "gradients/layers.3.bias": {"_type": "histogram", "values": [1.0, 0.0, 0.0, 0.0, 0.0, 0.0, 0.0, 0.0, 0.0, 0.0, 0.0, 0.0, 1.0, 0.0, 0.0, 0.0, 0.0, 0.0, 0.0, 0.0, 0.0, 0.0, 0.0, 0.0, 0.0, 0.0, 0.0, 0.0, 0.0, 0.0, 0.0, 0.0, 0.0, 0.0, 0.0, 0.0, 0.0, 0.0, 0.0, 0.0, 0.0, 0.0, 0.0, 0.0, 0.0, 0.0, 0.0, 0.0, 0.0, 0.0, 0.0, 0.0, 0.0, 0.0, 0.0, 0.0, 0.0, 0.0, 0.0, 0.0, 0.0, 0.0, 0.0, 1.0], "bins": [-0.1467927098274231, -0.1393483579158783, -0.1319040060043335, -0.1244596540927887, -0.1170152947306633, -0.1095709428191185, -0.1021265909075737, -0.0946822315454483, -0.0872378796339035, -0.0797935277223587, -0.0723491758108139, -0.0649048238992691, -0.057460471987724304, -0.050016120076179504, -0.04257176071405411, -0.03512740880250931, -0.027683056890964508, -0.02023870311677456, -0.012794350273907185, -0.00534999743103981, 0.002094356343150139, 0.009538710117340088, 0.016983062028884888, 0.024427417665719986, 0.031871769577264786, 0.039316125214099884, 0.046760477125644684, 0.054204829037189484, 0.06164918094873428, 0.06909353286027908, 0.07653789222240448, 0.08398224413394928, 0.09142659604549408, 0.09887094795703888, 0.10631529986858368, 0.11375965178012848, 0.12120401114225388, 0.12864837050437927, 0.13609272241592407, 0.14353707432746887, 0.15098142623901367, 0.15842577815055847, 0.16587013006210327, 0.17331448197364807, 0.18075883388519287, 0.18820318579673767, 0.19564753770828247, 0.20309188961982727, 0.21053624153137207, 0.21798059344291687, 0.22542494535446167, 0.23286929726600647, 0.24031364917755127, 0.24775800108909607, 0.25520235300064087, 0.26264670491218567, 0.27009105682373047, 0.27753543853759766, 0.28497976064682007, 0.29242414236068726, 0.29986846446990967, 0.30731284618377686, 0.31475719809532166, 0.32220155000686646, 0.32964590191841125]}, "gradients/layers.3.weight": {"_type": "histogram", "values": [1.0, 0.0, 0.0, 0.0, 2.0, 0.0, 1.0, 0.0, 0.0, 0.0, 1.0, 1.0, 0.0, 1.0, 0.0, 0.0, 2.0, 0.0, 133.0, 0.0, 1.0, 1.0, 0.0, 0.0, 0.0, 0.0, 0.0, 1.0, 0.0, 0.0, 1.0, 1.0, 0.0, 0.0, 0.0, 0.0, 0.0, 0.0, 0.0, 0.0, 0.0, 0.0, 0.0, 0.0, 0.0, 0.0, 0.0, 0.0, 0.0, 2.0, 0.0, 0.0, 0.0, 0.0, 0.0, 0.0, 0.0, 0.0, 0.0, 0.0, 0.0, 0.0, 0.0, 1.0], "bins": [-0.03232477232813835, -0.03056970238685608, -0.028814632445573807, -0.027059564366936684, -0.02530449442565441, -0.02354942448437214, -0.021794356405735016, -0.020039286464452744, -0.01828421652317047, -0.0165291465818882, -0.014774076640605927, -0.013019008561968803, -0.011263938620686531, -0.009508868679404259, -0.007753800600767136, -0.005998730659484863, -0.004243660718202591, -0.002488591242581606, -0.0007335217669606209, 0.0010215477086603642, 0.002776617184281349, 0.0045316871255636215, 0.006286756135523319, 0.008041825145483017, 0.00979689508676529, 0.011551965028047562, 0.013307034969329834, 0.015062103047966957, 0.01681717298924923, 0.018572242930531502, 0.020327311009168625, 0.022082380950450897, 0.02383744716644287, 0.025592517107725143, 0.027347587049007416, 0.02910265512764454, 0.03085772506892681, 0.032612793147563934, 0.03436786308884621, 0.03612293303012848, 0.03787800297141075, 0.039633072912693024, 0.041388142853975296, 0.04314321279525757, 0.04489827901124954, 0.04665335267782211, 0.04840841889381409, 0.05016348883509636, 0.05191855877637863, 0.053673628717660904, 0.055428698658943176, 0.05718376860022545, 0.05893883854150772, 0.060693904757499695, 0.06244897469878197, 0.06420404464006424, 0.06595911085605621, 0.06771418452262878, 0.06946925818920135, 0.07122432440519333, 0.0729793906211853, 0.07473446428775787, 0.07648953050374985, 0.07824459671974182, 0.07999967038631439]}, "gradients/layers.2.bias": {"_type": "histogram", "values": [1.0, 0.0, 0.0, 0.0, 0.0, 0.0, 0.0, 0.0, 0.0, 0.0, 0.0, 0.0, 0.0, 0.0, 0.0, 0.0, 0.0, 0.0, 0.0, 0.0, 0.0, 0.0, 0.0, 0.0, 0.0, 0.0, 0.0, 0.0, 0.0, 0.0, 0.0, 0.0, 0.0, 0.0, 0.0, 1.0, 0.0, 0.0, 0.0, 0.0, 0.0, 0.0, 0.0, 0.0, 0.0, 0.0, 0.0, 0.0, 0.0, 0.0, 0.0, 0.0, 0.0, 44.0, 1.0, 0.0, 1.0, 1.0, 0.0, 0.0, 0.0, 0.0, 0.0, 1.0], "bins": [-0.0995199978351593, -0.09765740483999252, -0.09579481184482574, -0.09393221884965897, -0.09206962585449219, -0.09020703285932541, -0.08834443986415863, -0.08648184686899185, -0.08461925387382507, -0.0827566608786583, -0.08089406788349152, -0.07903147488832474, -0.07716888189315796, -0.07530628144741058, -0.0734436959028244, -0.07158109545707703, -0.06971850991249084, -0.06785591691732407, -0.06599332392215729, -0.06413073092699051, -0.06226813793182373, -0.06040554493665695, -0.05854295194149017, -0.056680358946323395, -0.054817765951156616, -0.05295517295598984, -0.05109257996082306, -0.04922998696565628, -0.047367390245199203, -0.045504797250032425, -0.043642204254865646, -0.04177961125969887, -0.03991701453924179, -0.03805442154407501, -0.036191828548908234, -0.034329235553741455, -0.032466642558574677, -0.030604049563407898, -0.02874145470559597, -0.02687886171042919, -0.025016268715262413, -0.023153675720095634, -0.021291082724928856, -0.019428489729762077, -0.01756589487195015, -0.01570330187678337, -0.013840708881616592, -0.011978115886449814, -0.010115521028637886, -0.008252928033471107, -0.006390334572643042, -0.004527741111814976, -0.002665148116648197, -0.0008025551214814186, 0.0010600388050079346, 0.002922631800174713, 0.004785224795341492, 0.00664781779050827, 0.008510410785675049, 0.010373003780841827, 0.012235598638653755, 0.014098191633820534, 0.015960784628987312, 0.01782337762415409, 0.01968597061932087]}, "gradients/layers.2.weight": {"_type": "histogram", "values": [1.0, 0.0, 0.0, 0.0, 0.0, 0.0, 0.0, 0.0, 0.0, 0.0, 1.0, 0.0, 0.0, 0.0, 0.0, 0.0, 0.0, 0.0, 0.0, 1.0, 1.0, 0.0, 0.0, 1.0, 0.0, 1.0, 0.0, 1.0, 0.0, 0.0, 0.0, 0.0, 0.0, 2.0, 0.0, 0.0, 0.0, 0.0, 1.0, 1.0, 1.0, 0.0, 0.0, 2.0, 2.0, 2.0, 1.0, 4.0, 2443.0, 7.0, 8.0, 5.0, 1.0, 4.0, 1.0, 2.0, 0.0, 2.0, 2.0, 0.0, 0.0, 0.0, 1.0, 1.0], "bins": [-0.025353888049721718, -0.0248334351927042, -0.024312982335686684, -0.023792527616024017, -0.0232720747590065, -0.022751621901988983, -0.022231169044971466, -0.02171071618795395, -0.021190263330936432, -0.020669808611273766, -0.02014935575425625, -0.01962890289723873, -0.019108450040221214, -0.018587995320558548, -0.01806754246354103, -0.017547089606523514, -0.017026636749505997, -0.01650618389248848, -0.015985731035470963, -0.01546527724713087, -0.014944823458790779, -0.014424370601773262, -0.013903917744755745, -0.013383464887738228, -0.012863011099398136, -0.012342557311058044, -0.011822104454040527, -0.01130165159702301, -0.010781198740005493, -0.010260744951665401, -0.009740292094647884, -0.009219838306307793, -0.008699385449290276, -0.008178932592272758, -0.007658478803932667, -0.00713802594691515, -0.006617572624236345, -0.006097119301557541, -0.005576666444540024, -0.005056213121861219, -0.004535759799182415, -0.004015306476503611, -0.003494853153824806, -0.002974400296807289, -0.0024539469741284847, -0.0019334936514496803, -0.0014130407944321632, -0.0008925874717533588, -0.00037213414907455444, 0.00014831905718892813, 0.0006687722634524107, 0.0011892254697158933, 0.0017096786759793758, 0.0022301319986581802, 0.002750585088506341, 0.0032710381783545017, 0.003791491501033306, 0.0043119448237121105, 0.004832398146390915, 0.005352851003408432, 0.005873304326087236, 0.006393757648766041, 0.006914210505783558, 0.007434663828462362, 0.007955117151141167]}, "gradients/layers.1.bias": {"_type": "histogram", "values": [1.0, 0.0, 0.0, 0.0, 0.0, 1.0, 0.0, 0.0, 0.0, 0.0, 0.0, 0.0, 0.0, 0.0, 1.0, 0.0, 0.0, 0.0, 0.0, 0.0, 0.0, 0.0, 0.0, 0.0, 2.0, 0.0, 0.0, 37.0, 0.0, 2.0, 0.0, 0.0, 0.0, 1.0, 1.0, 0.0, 0.0, 0.0, 0.0, 0.0, 1.0, 0.0, 0.0, 0.0, 0.0, 1.0, 0.0, 0.0, 0.0, 0.0, 0.0, 0.0, 0.0, 0.0, 0.0, 0.0, 0.0, 1.0, 0.0, 0.0, 0.0, 0.0, 0.0, 1.0],