{"val_loss": 0.0027481114957481623, "loss": 0.0027018976397812366, "_timestamp": 1661966684.1623795, "_runtime": 440.0507824420929, "_step": 1000, "gradients/layers.3.bias": {"_type": "histogram", "values": [0.0, 0.0, 0.0, 0.0, 0.0, 0.0, 0.0, 0.0, 0.0, 0.0, 0.0, 0.0, 0.0, 0.0, 0.0, 0.0, 0.0, 0.0, 0.0, 0.0, 0.0, 0.0, 0.0, 0.0, 0.0, 0.0, 0.0, 0.0, 0.0, 0.0, 0.0, 0.0, 1.0, 0.0, 0.0, 0.0, 0.0, 0.0, 0.0, 0.0, 0.0, 0.0, 0.0, 0.0, 0.0, 0.0, 0.0, 0.0, 0.0, 0.0, 0.0, 0.0, 0.0, 0.0, 0.0, 0.0, 0.0, 0.0, 0.0, 0.0, 0.0, 0.0, 0.0, 0.0], "bins": [-0.002540700137615204, -0.002540700137615204, -0.002540700137615204, -0.002540700137615204, -0.002540700137615204, -0.002540700137615204, -0.002540700137615204, -0.002540700137615204, -0.002540700137615204, -0.002540700137615204, -0.002540700137615204, -0.002540700137615204, -0.002540700137615204, -0.002540700137615204, -0.002540700137615204, -0.002540700137615204, -0.002540700137615204, -0.002540700137615204, -0.002540700137615204, -0.002540700137615204, -0.002540700137615204, -0.002540700137615204, -0.002540700137615204, -0.002540700137615204, -0.002540700137615204, -0.002540700137615204, -0.002540700137615204, -0.002540700137615204, -0.002540700137615204, -0.002540700137615204, -0.002540700137615204, -0.002540700137615204, -0.002540700137615204, -0.002540700137615204, -0.002540700137615204, -0.002540700137615204, -0.002540700137615204, -0.002540700137615204, -0.002540700137615204, -0.002540700137615204, -0.002540700137615204, -0.002540700137615204, -0.002540700137615204, -0.002540700137615204, -0.002540700137615204, -0.002540700137615204, -0.002540700137615204, -0.002540700137615204, -0.002540700137615204, -0.002540700137615204, -0.002540700137615204, -0.002540700137615204, -0.002540700137615204, -0.002540700137615204, -0.002540700137615204, -0.002540700137615204, -0.002540700137615204, -0.002540700137615204, -0.002540700137615204, -0.002540700137615204, -0.002540700137615204, -0.002540700137615204, -0.002540700137615204, -0.002540700137615204, -0.002540700137615204]}, "gradients/layers.3.weight": {"_type": "histogram", "values": [1.0, 0.0, 0.0, 0.0, 0.0, 0.0, 0.0, 0.0, 0.0, 0.0, 0.0, 0.0, 0.0, 0.0, 0.0, 0.0, 0.0, 0.0, 0.0, 0.0, 0.0, 0.0, 0.0, 0.0, 0.0, 0.0, 0.0, 0.0, 0.0, 0.0, 0.0, 0.0, 0.0, 0.0, 0.0, 0.0, 0.0, 0.0, 0.0, 0.0, 0.0, 0.0, 0.0, 0.0, 1.0, 0.0, 1.0, 40.0, 1.0, 0.0, 0.0, 0.0, 0.0, 1.0, 0.0, 0.0, 1.0, 1.0, 0.0, 0.0, 0.0, 2.0, 0.0, 1.0], "bins": [-0.10708537697792053, -0.1048521175980568, -0.10261885821819305, -0.10038560628890991, -0.09815234690904617, -0.09591908752918243, -0.0936858281493187, -0.09145256876945496, -0.08921931684017181, -0.08698605746030807, -0.08475279808044434, -0.0825195387005806, -0.08028627932071686, -0.07805302739143372, -0.07581976056098938, -0.07358650863170624, -0.0713532492518425, -0.06911998987197876, -0.06688673049211502, -0.06465347856283188, -0.06242021918296814, -0.0601869598031044, -0.05795370042324066, -0.05572044104337692, -0.05348718538880348, -0.05125392973423004, -0.0490206703543663, -0.046787410974502563, -0.044554151594638824, -0.042320895940065384, -0.040087636560201645, -0.037854380905628204, -0.03562111780047417, -0.03338785842061043, -0.031154602766036987, -0.02892134338617325, -0.02668808586895466, -0.02445482835173607, -0.02222156897187233, -0.01998831145465374, -0.01775505393743515, -0.01552179642021656, -0.01328853890299797, -0.011055279523134232, -0.008822022005915642, -0.006588764488697052, -0.004355505108833313, -0.0021222494542598724, 0.00011100992560386658, 0.0023442679084837437, 0.004577525891363621, 0.006810783874243498, 0.009044041857123375, 0.011277299374341965, 0.013510557822883129, 0.015743816271424294, 0.017977073788642883, 0.020210331305861473, 0.022443588823080063, 0.024676848202943802, 0.02691010572016239, 0.02914336323738098, 0.03137662261724472, 0.03360987827181816, 0.0358431376516819]}, "gradients/layers.2.bias": {"_type": "histogram", "values": [1.0, 0.0, 0.0, 0.0, 0.0, 0.0, 0.0, 0.0, 0.0, 0.0, 0.0, 0.0, 0.0, 0.0, 0.0, 0.0, 0.0, 0.0, 0.0, 0.0, 0.0, 0.0, 1.0, 0.0, 0.0, 0.0, 0.0, 0.0, 0.0, 0.0, 0.0, 0.0, 0.0, 0.0, 1.0, 0.0, 0.0, 0.0, 0.0, 1.0, 0.0, 0.0, 0.0, 42.0, 1.0, 0.0, 1.0, 0.0, 0.0, 0.0, 0.0, 0.0, 0.0, 0.0, 0.0, 0.0, 0.0, 0.0, 0.0, 1.0, 0.0, 0.0, 0.0, 1.0], "bins": [-0.04019401967525482, -0.03926413878798485, -0.03833426162600517, -0.0374043807387352, -0.036474499851465225, -0.03554462268948555, -0.034614741802215576, -0.0336848609149456, -0.03275498375296593, -0.03182510286569595, -0.03089522384107113, -0.029965344816446304, -0.02903546392917633, -0.028105584904551506, -0.02717570587992668, -0.026245824992656708, -0.025315945968031883, -0.02438606694340706, -0.023456186056137085, -0.02252630703151226, -0.021596428006887436, -0.020666547119617462, -0.019736668094992638, -0.018806789070367813, -0.01787690818309784, -0.016947029158473015, -0.01601715013384819, -0.015087270177900791, -0.014157390221953392, -0.013227511197328568, -0.012297631241381168, -0.011367752216756344, -0.010437872260808945, -0.009507992304861546, -0.008578113280236721, -0.007648233324289322, -0.00671835383400321, -0.005788474343717098, -0.004858594387769699, -0.003928714897483587, -0.0029988354071974754, -0.0020689554512500763, -0.0011390764266252518, -0.00020919647067785263, 0.0007206834852695465, 0.001650562509894371, 0.00258044246584177, 0.0035103214904665947, 0.004440201446413994, 0.005370080936700106, 0.0062999604269862175, 0.007229840382933617, 0.008159719407558441, 0.00908959936350584, 0.01001947931945324, 0.010949358344078064, 0.011879238300025463, 0.012809118255972862, 0.013738997280597687, 0.014668877236545086, 0.015598757192492485, 0.01652863621711731, 0.017458517104387283, 0.01838839426636696, 0.019318275153636932]}, "gradients/layers.2.weight": {"_type": "histogram", "values": [1.0, 0.0, 0.0, 0.0, 0.0, 0.0, 0.0, 0.0, 1.0, 0.0, 0.0, 0.0, 0.0, 0.0, 0.0, 0.0, 0.0, 0.0, 0.0, 1.0, 0.0, 1.0, 0.0, 0.0, 0.0, 1.0, 0.0, 0.0, 1.0, 1.0, 0.0, 0.0, 0.0, 3.0, 1.0, 0.0, 1.0, 1.0, 1.0, 3.0, 3.0, 8.0, 11.0, 2448.0, 4.0, 3.0, 1.0, 1.0, 0.0, 0.0, 0.0, 0.0, 1.0, 0.0, 0.0, 0.0, 0.0, 0.0, 0.0, 1.0, 1.0, 0.0, 0.0, 1.0], "bins": [-0.02548253908753395, -0.024893006309866905, -0.02430347353219986, -0.023713940754532814, -0.02312440797686577, -0.022534875199198723, -0.021945342421531677, -0.02135580964386463, -0.020766276866197586, -0.02017674408853054, -0.019587211310863495, -0.01899767853319645, -0.018408145755529404, -0.017818612977862358, -0.017229080200195312, -0.016639547422528267, -0.01605001464486122, -0.015460481867194176, -0.01487094908952713, -0.014281416311860085, -0.013691883534193039, -0.013102350756525993, -0.012512817978858948, -0.011923285201191902, -0.011333752423524857, -0.010744219645857811, -0.010154686868190765, -0.00956515409052372, -0.008975621312856674, -0.008386088535189629, -0.007796555757522583, -0.007207022979855537, -0.006617488339543343, -0.006027955561876297, -0.005438422784209251, -0.004848890006542206, -0.00425935722887516, -0.0036698244512081146, -0.003080291673541069, -0.0024907588958740234, -0.0019012261182069778, -0.0013116933405399323, -0.0007221605628728867, -0.00013262778520584106, 0.00045690499246120453, 0.0010464377701282501, 0.0016359705477952957, 0.0022255033254623413, 0.002815036103129387, 0.0034045688807964325, 0.003994101658463478, 0.004583634436130524, 0.005173167213797569, 0.005762699991464615, 0.0063522327691316605, 0.006941765546798706, 0.007531298324465752, 0.008120831102132797, 0.008710363879799843, 0.009299896657466888, 0.009889429435133934, 0.01047896221280098, 0.011068494990468025, 0.01165802776813507, 0.012247560545802116]}, "gradients/layers.1.bias": {"_type": "histogram", "values": [1.0, 1.0, 0.0, 0.0, 0.0, 0.0, 0.0, 1.0, 0.0, 0.0, 0.0, 1.0, 0.0, 0.0, 0.0, 0.0, 0.0, 0.0, 0.0, 0.0, 0.0, 0.0, 0.0, 0.0, 0.0, 1.0, 0.0, 0.0, 0.0, 0.0, 0.0, 0.0, 0.0, 0.0, 0.0, 0.0, 0.0, 0.0, 0.0, 2.0, 0.0, 0.0, 1.0, 0.0, 0.0, 0.0, 0.0, 0.0, 1.0, 1.0, 0.0, 37.0, 0.0, 0.0, 0.0, 1.0, 0.0, 1.0, 0.0, 0.0, 0.0, 0.0, 0.0, 1.0],