{"val_loss": 0.01287467684596777, "loss": 0.010467507876455784, "_timestamp": 1661967659.2966902, "_runtime": 377.0735561847687, "_step": 1000, "gradients/layers.4.bias": {"_type": "histogram", "values": [1.0, 0.0, 0.0, 0.0, 0.0, 0.0, 0.0, 1.0, 0.0, 0.0, 0.0, 0.0, 0.0, 0.0, 0.0, 0.0, 0.0, 0.0, 0.0, 0.0, 0.0, 0.0, 0.0, 0.0, 0.0, 0.0, 0.0, 1.0, 0.0, 0.0, 2.0, 0.0, 0.0, 0.0, 0.0, 0.0, 0.0, 0.0, 0.0, 0.0, 0.0, 0.0, 0.0, 0.0, 0.0, 0.0, 0.0, 0.0, 0.0, 0.0, 0.0, 0.0, 0.0, 0.0, 0.0, 0.0, 0.0, 0.0, 0.0, 0.0, 0.0, 0.0, 0.0, 1.0], "bins": [-0.08129724860191345, -0.08048336207866669, -0.07966947555541992, -0.07885558903217316, -0.07804170250892639, -0.07722781598567963, -0.07641392946243286, -0.0756000429391861, -0.07478615641593933, -0.07397226989269257, -0.0731583833694458, -0.07234449684619904, -0.07153061032295227, -0.0707167237997055, -0.06990283727645874, -0.06908895075321198, -0.06827506422996521, -0.06746117770671844, -0.06664729118347168, -0.06583340466022491, -0.06501951813697815, -0.06420563161373138, -0.06339174509048462, -0.06257785856723785, -0.06176397204399109, -0.060950085520744324, -0.06013619899749756, -0.059322308748960495, -0.05850842222571373, -0.057694535702466965, -0.0568806491792202, -0.056066762655973434, -0.05525287240743637, -0.054438985884189606, -0.05362509936094284, -0.052811212837696075, -0.05199732631444931, -0.051183439791202545, -0.05036955326795578, -0.049555666744709015, -0.04874178022146225, -0.047927893698215485, -0.04711400717496872, -0.046300116926431656, -0.04548623040318489, -0.044672343879938126, -0.04385845735669136, -0.043044570833444595, -0.04223068058490753, -0.04141679406166077, -0.040602907538414, -0.039789021015167236, -0.03897513449192047, -0.038161247968673706, -0.03734736144542694, -0.036533474922180176, -0.03571958839893341, -0.034905701875686646, -0.03409181535243988, -0.03327792510390282, -0.03246403858065605, -0.031650152057409286, -0.03083626553416252, -0.030022379010915756, -0.02920849435031414]}, "gradients/layers.4.weight": {"_type": "histogram", "values": [1.0, 0.0, 0.0, 0.0, 1.0, 2.0, 2.0, 2.0, 2.0, 2.0, 1.0, 5.0, 2.0, 1.0, 1.0, 6.0, 4.0, 4.0, 12.0, 6.0, 7.0, 12.0, 7.0, 8.0, 8.0, 8.0, 14.0, 16.0, 19.0, 23.0, 10.0, 16.0, 17.0, 17.0, 24.0, 26.0, 20.0, 14.0, 12.0, 15.0, 27.0, 17.0, 18.0, 39.0, 84.0, 26.0, 12.0, 7.0, 5.0, 1.0, 2.0, 3.0, 1.0, 0.0, 4.0, 0.0, 0.0, 2.0, 1.0, 1.0, 0.0, 2.0, 0.0, 1.0], "bins": [-0.010659575462341309, -0.010419538244605064, -0.01017950102686882, -0.009939463809132576, -0.009699426591396332, -0.009459388442337513, -0.009219351224601269, -0.008979314006865025, -0.00873927678912878, -0.008499239571392536, -0.008259202353656292, -0.008019164204597473, -0.007779127452522516, -0.007539090234786272, -0.0072990525513887405, -0.007059015333652496, -0.006818978115916252, -0.006578940898180008, -0.006338903680443764, -0.006098865997046232, -0.005858828779309988, -0.005618791561573744, -0.005378753878176212, -0.005138716660439968, -0.004898679442703724, -0.00465864222496748, -0.0044186050072312355, -0.004178567323833704, -0.00393853010609746, -0.0036984928883612156, -0.0034584554377943277, -0.00321841798722744, -0.0029783803038299084, -0.002738343086093664, -0.0024983056355267763, -0.0022582681849598885, -0.0020182309672236443, -0.0017781936330720782, -0.0015381562989205122, -0.0012981189647689462, -0.0010580816306173801, -0.0008180444128811359, -0.0005780069623142481, -0.00033796951174736023, -9.793229401111603e-05, 0.00014210492372512817, 0.00038214237429201603, 0.0006221798248589039, 0.0008622170425951481, 0.0011022543767467141, 0.0013422917108982801, 0.0015823290450498462, 0.0018223663792014122, 0.0020624035969376564, 0.0023024410475045443, 0.002542478498071432, 0.0027825157158076763, 0.0030225529335439205, 0.0032625903841108084, 0.0035026278346776962, 0.0037426650524139404, 0.003982702270150185, 0.004222739487886429, 0.00446277717128396, 0.0047028143890202045]}, "gradients/layers.3.bias": {"_type": "histogram", "values": [1.0, 0.0, 0.0, 1.0, 0.0, 2.0, 0.0, 0.0, 0.0, 0.0, 1.0, 0.0, 1.0, 0.0, 4.0, 0.0, 0.0, 0.0, 3.0, 1.0, 2.0, 6.0, 1.0, 2.0, 0.0, 2.0, 0.0, 2.0, 3.0, 0.0, 2.0, 2.0, 1.0, 1.0, 0.0, 3.0, 10.0, 3.0, 3.0, 1.0, 1.0, 0.0, 1.0, 2.0, 1.0, 1.0, 2.0, 2.0, 4.0, 2.0, 6.0, 2.0, 4.0, 3.0, 1.0, 1.0, 3.0, 3.0, 0.0, 0.0, 0.0, 1.0, 1.0, 1.0], "bins": [-0.00744596216827631, -0.007242231629788876, -0.0070385015569627285, -0.006834771018475294, -0.006631040945649147, -0.006427310407161713, -0.006223579868674278, -0.006019849795848131, -0.005816119723021984, -0.00561238918453455, -0.005408658646047115, -0.005204928573220968, -0.005001198034733534, -0.004797467961907387, -0.004593737423419952, -0.004390006884932518, -0.004186276812106371, -0.0039825462736189365, -0.0037788162007927895, -0.003575085662305355, -0.003371355589479208, -0.0031676250509917736, -0.002963894745334983, -0.002760164439678192, -0.0025564341340214014, -0.0023527038283646107, -0.00214897352270782, -0.0019452432170510292, -0.0017415126785635948, -0.001537782372906804, -0.0013340520672500134, -0.0011303217615932226, -0.0009265909902751446, -0.0007228606846183538, -0.0005191303207539022, -0.00031539995688945055, -0.00011166965123265982, 9.206065442413092e-05, 0.0002957910764962435, 0.0004995213821530342, 0.0007032516878098249, 0.0009069819934666157, 0.0011107122991234064, 0.0013144426047801971, 0.0015181731432676315, 0.0017219034489244223, 0.001925633754581213, 0.0021293640602380037, 0.0023330943658947945, 0.002536824671551585, 0.002740554977208376, 0.0029442855156958103, 0.0031480155885219574, 0.003351746127009392, 0.0035554764326661825, 0.0037592067383229733, 0.00396293681114912, 0.004166667349636555, 0.004370397888123989, 0.004574127960950136, 0.004777858499437571, 0.004981588572263718, 0.005185319110751152, 0.005389049649238586, 0.0055927797220647335]}, "gradients/layers.3.weight": {"_type": "histogram", "values": [1.0, 1.0, 1.0, 0.0, 0.0, 0.0, 3.0, 3.0, 3.0, 3.0, 7.0, 9.0, 8.0, 8.0, 4.0, 10.0, 10.0, 11.0, 13.0, 19.0, 26.0, 33.0, 47.0, 43.0, 50.0, 69.0, 83.0, 128.0, 144.0, 290.0, 733.0, 5643.0, 786.0, 359.0, 247.0, 138.0, 131.0, 123.0, 149.0, 129.0, 115.0, 96.0, 58.0, 60.0, 38.0, 42.0, 28.0, 23.0, 16.0, 15.0, 8.0, 9.0, 8.0, 3.0, 8.0, 1.0, 4.0, 0.0, 0.0, 1.0, 1.0, 0.0, 0.0, 1.0], "bins": [-0.0022683856077492237, -0.002196097746491432, -0.0021238101180642843, -0.002051522256806493, -0.001979234628379345, -0.0019069467671215534, -0.0018346590222790837, -0.001762371277436614, -0.0016900835325941443, -0.0016177957877516747, -0.001545508042909205, -0.0014732202980667353, -0.0014009324368089437, -0.0013286448083817959, -0.0012563569471240044, -0.0011840692022815347, -0.001111781457439065, -0.0010394937125965953, -0.0009672059677541256, -0.000894918164703995, -0.0008226304198615253, -0.0007503426750190556, -0.000678054871968925, -0.0006057671271264553, -0.0005334793822839856, -0.0004611916374415159, -0.00038890389259904623, -0.0003166160895489156, -0.00024432834470644593, -0.00017204059986397624, -9.975279681384563e-05, -2.7465051971375942e-05, 4.4822925701737404e-05, 0.00011711068509612232, 0.00018939844449050725, 0.0002616862184368074, 0.0003339739632792771, 0.0004062617081217468, 0.00047854948206804693, 0.0005508372560143471, 0.0006231250008568168, 0.0006954127456992865, 0.0007677004905417562, 0.0008399882935918868, 0.0009122760384343565, 0.0009845637250691652, 0.0010568515863269567, 0.0011291393311694264, 0.0012014270760118961, 0.0012737148208543658, 0.0013460025656968355, 0.0014182903105393052, 0.001490578055381775, 0.0015628659166395664, 0.0016351536614820361, 0.0017074414063245058, 0.0017797291511669755, 0.0018520168960094452, 0.0019243046408519149, 0.0019965923856943846, 0.002068880246952176, 0.002141167875379324, 0.0022134557366371155, 0.002285743597894907, 0.002358031226322055]}, "gradients/layers.2.bias": {"_type": "histogram",