{"val_loss": 0.0045797210186719894, "loss": 0.0037821796722710133, "_timestamp": 1661966721.8227758, "_runtime": 448.6987888813019, "_step": 1000, "gradients/graph_2layers.3.bias": {"_type": "histogram", "values": [1.0, 0.0, 0.0, 0.0, 0.0, 0.0, 0.0, 0.0, 0.0, 0.0, 0.0, 0.0, 0.0, 0.0, 1.0, 0.0, 0.0, 0.0, 0.0, 0.0, 0.0, 0.0, 0.0, 0.0, 0.0, 0.0, 1.0, 0.0, 0.0, 0.0, 0.0, 0.0, 0.0, 0.0, 0.0, 0.0, 0.0, 0.0, 0.0, 0.0, 0.0, 0.0, 0.0, 0.0, 0.0, 0.0, 0.0, 0.0, 0.0, 0.0, 0.0, 0.0, 0.0, 0.0, 0.0, 0.0, 0.0, 0.0, 0.0, 0.0, 0.0, 0.0, 0.0, 1.0], "bins": [-0.23551598191261292, -0.2264534831047058, -0.2173909842967987, -0.2083284854888916, -0.1992659866809845, -0.1902034878730774, -0.1811409890651703, -0.17207849025726318, -0.16301599144935608, -0.15395349264144897, -0.14489099383354187, -0.13582849502563477, -0.12676599621772766, -0.11770349740982056, -0.10864099860191345, -0.09957849979400635, -0.09051600098609924, -0.08145350217819214, -0.07239100337028503, -0.06332850456237793, -0.054266005754470825, -0.04520350694656372, -0.036141008138656616, -0.02707850933074951, -0.018016010522842407, -0.008953511714935303, 0.00010898709297180176, 0.009171485900878906, 0.01823398470878601, 0.027296483516693115, 0.03635898232460022, 0.045421481132507324, 0.05448395013809204, 0.06354644894599915, 0.07260894775390625, 0.08167144656181335, 0.09073394536972046, 0.09979644417762756, 0.10885894298553467, 0.11792144179344177, 0.12698394060134888, 0.13604643940925598, 0.14510893821716309, 0.1541714370250702, 0.1632339358329773, 0.1722964346408844, 0.1813589334487915, 0.1904214322566986, 0.1994839310646057, 0.20854642987251282, 0.21760892868041992, 0.22667142748832703, 0.23573392629623413, 0.24479642510414124, 0.25385892391204834, 0.26292142271995544, 0.27198392152786255, 0.28104642033576965, 0.29010891914367676, 0.29917141795158386, 0.30823391675949097, 0.31729641556739807, 0.3263589143753052, 0.3354214131832123, 0.3444839119911194]}, "gradients/graph_2layers.3.weight": {"_type": "histogram", "values": [1.0, 0.0, 0.0, 0.0, 0.0, 0.0, 0.0, 0.0, 1.0, 0.0, 0.0, 1.0, 1.0, 0.0, 0.0, 4.0, 2.0, 0.0, 1.0, 1.0, 1.0, 5.0, 3.0, 0.0, 3.0, 13.0, 143.0, 8.0, 0.0, 1.0, 0.0, 0.0, 1.0, 0.0, 0.0, 0.0, 0.0, 1.0, 0.0, 0.0, 1.0, 1.0, 2.0, 1.0, 0.0, 1.0, 0.0, 1.0, 0.0, 0.0, 0.0, 1.0, 0.0, 0.0, 0.0, 0.0, 0.0, 0.0, 0.0, 0.0, 0.0, 0.0, 0.0, 1.0], "bins": [-0.0822230651974678, -0.07909131050109863, -0.07595956325531006, -0.07282780855894089, -0.06969605386257172, -0.06656430661678314, -0.06343255192041397, -0.0603007972240448, -0.05716904625296593, -0.054037295281887054, -0.05090554058551788, -0.04777378961443901, -0.04464203864336014, -0.04151028394699097, -0.038378532975912094, -0.03524677827954292, -0.03211502730846405, -0.02898327447474003, -0.025851521641016006, -0.022719770669937134, -0.019588017836213112, -0.01645626500248909, -0.013324514031410217, -0.010192761197686195, -0.0070610083639621735, -0.0039292555302381516, -0.0007975026965141296, 0.002334248274564743, 0.005465999245643616, 0.008597753942012787, 0.01172950491309166, 0.01486125960946083, 0.017993003129959106, 0.02112475596368313, 0.02425650879740715, 0.027388259768486023, 0.030520012602210045, 0.03365176543593407, 0.03678351640701294, 0.03991527110338211, 0.04304702207446098, 0.046178773045539856, 0.04931052774190903, 0.0524422787129879, 0.05557402968406677, 0.058705784380435944, 0.061837535351514816, 0.06496928632259369, 0.06810104101896286, 0.07123279571533203, 0.0743645429611206, 0.07749629765748978, 0.08062805235385895, 0.08375979959964752, 0.0868915542960167, 0.09002330899238586, 0.09315505623817444, 0.09628681093454361, 0.09941856563091278, 0.10255031287670135, 0.10568206757307053, 0.1088138222694397, 0.11194556951522827, 0.11507733166217804, 0.11820907890796661]}, "gradients/graph_2layers.2.bias": {"_type": "histogram", "values": [1.0, 0.0, 1.0, 0.0, 0.0, 0.0, 0.0, 0.0, 0.0, 0.0, 0.0, 0.0, 0.0, 0.0, 0.0, 0.0, 0.0, 0.0, 0.0, 0.0, 0.0, 0.0, 0.0, 0.0, 0.0, 0.0, 0.0, 0.0, 0.0, 0.0, 0.0, 0.0, 0.0, 0.0, 1.0, 0.0, 35.0, 3.0, 1.0, 2.0, 1.0, 0.0, 0.0, 1.0, 1.0, 0.0, 0.0, 0.0, 2.0, 0.0, 0.0, 0.0, 0.0, 0.0, 0.0, 0.0, 0.0, 0.0, 0.0, 0.0, 0.0, 0.0, 0.0, 1.0], "bins": [-0.08268465846776962, -0.0804283395409584, -0.07817202061414719, -0.07591570168733597, -0.07365937530994415, -0.07140305638313293, -0.06914673745632172, -0.0668904185295105, -0.06463409960269928, -0.06237778067588806, -0.06012146174907684, -0.05786513909697533, -0.05560882017016411, -0.05335250124335289, -0.05109617859125137, -0.048839859664440155, -0.04658354073762894, -0.04432722181081772, -0.0420709028840065, -0.039814580231904984, -0.037558261305093765, -0.03530194237828255, -0.03304561972618103, -0.030789300799369812, -0.028532981872558594, -0.026276662945747375, -0.024020342156291008, -0.02176402136683464, -0.019507702440023422, -0.017251383513212204, -0.014995060861110687, -0.012738741934299469, -0.01048242300748825, -0.008226103149354458, -0.005969783291220665, -0.003713463433086872, -0.0014571435749530792, 0.0007991762831807137, 0.0030554961413145065, 0.005311816930770874, 0.007568135857582092, 0.00982445478439331, 0.012080775573849678, 0.014337096363306046, 0.016593415290117264, 0.018849734216928482, 0.02110605686903, 0.023362375795841217, 0.025618694722652435, 0.027875013649463654, 0.03013133443892002, 0.03238765522837639, 0.03464397415518761, 0.036900293081998825, 0.03915661573410034, 0.04141293466091156, 0.04366925358772278, 0.045925572514534, 0.048181891441345215, 0.05043821409344673, 0.05269453302025795, 0.05495085194706917, 0.057207174599170685, 0.0594634935259819, 0.06171981245279312]}, "gradients/graph_2layers.2.weight": {"_type": "histogram", "values": [1.0, 0.0, 1.0, 0.0, 0.0, 0.0, 0.0, 0.0, 0.0, 0.0, 0.0, 0.0, 0.0, 0.0, 0.0, 0.0, 0.0, 0.0, 1.0, 1.0, 0.0, 0.0, 0.0, 0.0, 1.0, 3.0, 1.0, 1.0, 1.0, 1.0, 3.0, 1.0, 8.0, 6.0, 57.0, 2356.0, 20.0, 16.0, 6.0, 4.0, 3.0, 0.0, 2.0, 0.0, 0.0, 2.0, 1.0, 0.0, 1.0, 1.0, 0.0, 0.0, 0.0, 0.0, 0.0, 0.0, 0.0, 0.0, 0.0, 0.0, 0.0, 0.0, 0.0, 1.0], "bins": [-0.026563076302409172, -0.025807933881878853, -0.025052791461348534, -0.024297649040818214, -0.023542506620287895, -0.022787364199757576, -0.022032221779227257, -0.021277079358696938, -0.02052193693816662, -0.0197667945176363, -0.01901165209710598, -0.01825650781393051, -0.017501365393400192, -0.016746222972869873, -0.015991080552339554, -0.01523593906313181, -0.01448079664260149, -0.01372565422207117, -0.012970511801540852, -0.012215369381010532, -0.011460226960480213, -0.010705084539949894, -0.009949941188097, -0.009194798767566681, -0.008439656347036362, -0.00768451439216733, -0.006929371971637011, -0.006174229085445404, -0.005419086664915085, -0.004663944244384766, -0.003908801823854446, -0.003153659403324127, -0.002398516982793808, -0.0016433745622634888, -0.0008882320253178477, -0.0001330894883722067, 0.0006220529321581125, 0.0013771953526884317, 0.0021323380060493946, 0.002887480426579714, 0.003642622847110033, 0.004397765267640352, 0.0051529076881706715, 0.005908050574362278, 0.006663192994892597, 0.007418335415422916, 0.008173477835953236, 0.008928620256483555, 0.009683762677013874, 0.010438905097544193, 0.011194047518074512, 0.011949189938604832, 0.012704332359135151, 0.01345947477966547, 0.014214618131518364, 0.014969760552048683, 0.015724902972579002, 0.01648004539310932, 0.01723518781363964, 0.01799033023416996, 0.01874547265470028, 0.0195006150752306, 0.020255757495760918, 0.021010899916291237, 0.021766042336821556]}, "gradients/graph_2layers.1.bias": {"_type": "histogram", "values": [1.0, 0.0, 0.0, 0.0, 0.0, 0.0, 0.0, 0.0, 0.0, 0.0, 0.0, 0.0, 0.0, 0.0, 0.0, 0.0, 1.0, 1.0, 0.0, 0.0, 0.0, 0.0, 0.0, 0.0, 1.0, 0.0, 0.0, 3.0, 27.0, 1.0, 3.0, 2.0, 2.0, 1.0, 1.0, 4.0, 0.0, 0.0, 0.0, 0.0, 0.0, 0.0, 0.0, 0.0, 0.0, 0.0, 0.0, 0.0, 0.0, 0.0, 0.0, 0.0, 0.0, 0.0, 0.0, 0.0, 0.0, 0.0, 0.0, 0.0, 0.0, 0.0, 1.0, 1.0],