{"val_loss": 0.003019277472048998, "loss": 0.002110683126375079, "_timestamp": 1661966714.6837773, "_runtime": 453.77013540267944, "_step": 1000, "gradients/graph_2layers.3.bias": {"_type": "histogram", "values": [1.0, 0.0, 0.0, 0.0, 0.0, 0.0, 0.0, 0.0, 0.0, 0.0, 0.0, 0.0, 0.0, 0.0, 0.0, 0.0, 0.0, 0.0, 0.0, 0.0, 0.0, 0.0, 0.0, 0.0, 0.0, 0.0, 0.0, 0.0, 0.0, 0.0, 0.0, 0.0, 0.0, 0.0, 0.0, 0.0, 0.0, 0.0, 0.0, 0.0, 0.0, 0.0, 0.0, 0.0, 0.0, 0.0, 0.0, 0.0, 0.0, 0.0, 0.0, 0.0, 0.0, 0.0, 0.0, 0.0, 0.0, 1.0, 0.0, 0.0, 0.0, 0.0, 0.0, 1.0], "bins": [-0.24681808054447174, -0.23995134234428406, -0.23308461904525757, -0.22621789574623108, -0.2193511575460434, -0.2124844193458557, -0.20561769604682922, -0.19875097274780273, -0.19188423454761505, -0.18501749634742737, -0.17815077304840088, -0.1712840497493744, -0.1644173115491867, -0.15755057334899902, -0.15068385004997253, -0.14381712675094604, -0.13695038855075836, -0.13008365035057068, -0.12321692705154419, -0.1163501963019371, -0.10948346555233002, -0.10261673480272293, -0.09575000405311584, -0.08888327330350876, -0.08201654255390167, -0.07514981180429459, -0.0682830810546875, -0.061416350305080414, -0.05454961955547333, -0.04768288880586624, -0.040816158056259155, -0.03394942730665207, -0.027082711458206177, -0.02021598070859909, -0.013349249958992004, -0.006482519209384918, 0.00038421154022216797, 0.007250942289829254, 0.01411767303943634, 0.020984403789043427, 0.027851134538650513, 0.0347178652882576, 0.041584596037864685, 0.04845132678747177, 0.05531805753707886, 0.062184788286685944, 0.06905151903629303, 0.07591824978590012, 0.0827849805355072, 0.08965171128511429, 0.09651844203472137, 0.10338517278432846, 0.11025190353393555, 0.11711863428354263, 0.12398536503314972, 0.1308521032333374, 0.1377188265323639, 0.14458554983139038, 0.15145228803157806, 0.15831902623176575, 0.16518574953079224, 0.17205247282981873, 0.1789192110300064, 0.1857859492301941, 0.19265267252922058]}, "gradients/graph_2layers.3.weight": {"_type": "histogram", "values": [1.0, 0.0, 0.0, 0.0, 0.0, 0.0, 0.0, 0.0, 0.0, 0.0, 0.0, 0.0, 0.0, 0.0, 0.0, 0.0, 1.0, 0.0, 0.0, 0.0, 1.0, 0.0, 0.0, 0.0, 0.0, 1.0, 0.0, 0.0, 0.0, 1.0, 1.0, 1.0, 136.0, 0.0, 0.0, 1.0, 0.0, 0.0, 1.0, 0.0, 1.0, 0.0, 0.0, 0.0, 0.0, 1.0, 0.0, 0.0, 1.0, 0.0, 0.0, 0.0, 0.0, 0.0, 0.0, 0.0, 0.0, 1.0, 0.0, 0.0, 0.0, 0.0, 0.0, 1.0], "bins": [-0.05543416365981102, -0.05371114984154701, -0.051988132297992706, -0.0502651184797287, -0.04854210466146469, -0.046819090843200684, -0.045096077024936676, -0.04337305948138237, -0.04165004566311836, -0.039927031844854355, -0.03820401430130005, -0.03648100048303604, -0.034757986664772034, -0.033034972846508026, -0.03131195902824402, -0.029588941484689713, -0.027865927666425705, -0.026142913848161697, -0.02441989816725254, -0.022696882486343384, -0.020973868668079376, -0.01925085484981537, -0.017527839168906212, -0.015804823487997055, -0.014081809669733047, -0.012358794920146465, -0.010635780170559883, -0.008912764489650726, -0.007189750671386719, -0.005466736853122711, -0.0037437211722135544, -0.0020207054913043976, -0.00029768794775009155, 0.0014253268018364906, 0.003148341551423073, 0.004871356301009655, 0.006594371050596237, 0.00831738580018282, 0.010040400549769402, 0.011763415299355984, 0.013486430048942566, 0.015209444798529148, 0.01693245954811573, 0.018655475229024887, 0.020378489047288895, 0.022101502865552902, 0.02382451854646206, 0.025547534227371216, 0.027270548045635223, 0.02899356186389923, 0.030716577544808388, 0.032439593225717545, 0.03416260704398155, 0.03588562086224556, 0.037608638405799866, 0.03933165222406387, 0.04105466604232788, 0.04277767986059189, 0.044500693678855896, 0.0462237112224102, 0.04794672504067421, 0.04966973885893822, 0.05139275640249252, 0.05311577022075653, 0.05483878403902054]}, "gradients/graph_2layers.2.bias": {"_type": "histogram", "values": [1.0, 0.0, 1.0, 0.0, 0.0, 0.0, 0.0, 0.0, 0.0, 0.0, 0.0, 0.0, 0.0, 0.0, 0.0, 0.0, 0.0, 0.0, 0.0, 1.0, 0.0, 0.0, 0.0, 0.0, 0.0, 0.0, 0.0, 0.0, 0.0, 0.0, 0.0, 0.0, 0.0, 0.0, 0.0, 0.0, 0.0, 0.0, 0.0, 0.0, 0.0, 0.0, 0.0, 0.0, 0.0, 0.0, 1.0, 0.0, 0.0, 0.0, 0.0, 0.0, 0.0, 0.0, 0.0, 0.0, 0.0, 44.0, 0.0, 0.0, 0.0, 1.0, 0.0, 1.0], "bins": [-0.027383046224713326, -0.0269069354981184, -0.026430826634168625, -0.0259547159075737, -0.025478607043623924, -0.025002496317029, -0.024526385590434074, -0.0240502767264843, -0.023574165999889374, -0.02309805527329445, -0.022621946409344673, -0.022145835682749748, -0.021669726818799973, -0.021193616092205048, -0.020717505365610123, -0.020241396501660347, -0.019765285775065422, -0.019289175048470497, -0.01881306618452072, -0.018336955457925797, -0.01786084659397602, -0.017384735867381096, -0.01690862514078617, -0.016432516276836395, -0.01595640555024147, -0.01548029575496912, -0.01500418595969677, -0.014528075233101845, -0.014051966369152069, -0.013575855642557144, -0.013099745847284794, -0.012623636052012444, -0.012147527188062668, -0.011671417392790318, -0.011195307597517967, -0.010719196870923042, -0.010243087075650692, -0.009766977280378342, -0.009290867485105991, -0.008814757689833641, -0.008338646963238716, -0.007862537167966366, -0.0073864273726940155, -0.006910317111760378, -0.006434207316488028, -0.00595809705555439, -0.00548198726028204, -0.005005876999348402, -0.004529766738414764, -0.004053656943142414, -0.0035775466822087765, -0.003101436886936426, -0.0026253266260027885, -0.0021492168307304382, -0.0016731068026274443, -0.0011969967745244503, -0.0007208867464214563, -0.00024477671831846237, 0.00023133307695388794, 0.0007074433378875256, 0.0011835531331598759, 0.0016596633940935135, 0.002135773189365864, 0.0026118834502995014, 0.0030879932455718517]}, "gradients/graph_2layers.2.weight": {"_type": "histogram", "values": [1.0, 0.0, 0.0, 0.0, 0.0, 0.0, 0.0, 0.0, 0.0, 0.0, 0.0, 0.0, 1.0, 0.0, 0.0, 1.0, 0.0, 1.0, 0.0, 1.0, 0.0, 1.0, 0.0, 1.0, 2.0, 2.0, 0.0, 0.0, 1.0, 1.0, 1.0, 0.0, 2.0, 2.0, 1.0, 1.0, 0.0, 3.0, 7.0, 2454.0, 5.0, 2.0, 1.0, 0.0, 1.0, 0.0, 1.0, 2.0, 1.0, 0.0, 0.0, 0.0, 0.0, 1.0, 0.0, 1.0, 0.0, 0.0, 0.0, 0.0, 0.0, 0.0, 0.0, 1.0], "bins": [-0.012687762267887592, -0.012362724170088768, -0.012037685140967369, -0.011712647043168545, -0.01138760894536972, -0.011062569916248322, -0.010737531818449497, -0.010412493720650673, -0.010087454691529274, -0.009762415662407875, -0.00943737756460905, -0.009112339466810226, -0.008787300437688828, -0.008462262339890003, -0.008137224242091179, -0.007812185678631067, -0.007487147115170956, -0.007162108551710844, -0.006837069988250732, -0.006512031890451908, -0.0061869933269917965, -0.005861954763531685, -0.0055369166657328606, -0.005211878102272749, -0.004886839538812637, -0.004561800975352526, -0.004236762411892414, -0.00391172431409359, -0.003586685750633478, -0.0032616471871733665, -0.0029366090893745422, -0.0026115705259144306, -0.002286531962454319, -0.0019614933989942074, -0.0016364550683647394, -0.0013114166213199496, -0.0009863781742751598, -0.00066133972723037, -0.00033630128018558025, -1.126294955611229e-05, 0.00031377561390399933, 0.000638814177364111, 0.0009638525079935789, 0.0012888908386230469, 0.0016139294020831585, 0.0019389679655432701, 0.0022640060633420944, 0.002589044626802206, 0.0029140831902623177, 0.0032391217537224293, 0.0035641600843518972, 0.003889198414981365, 0.004214236978441477, 0.0045392755419015884, 0.004864313639700413, 0.005189352203160524, 0.005514390766620636, 0.005839429330080748, 0.006164467893540859, 0.0064895059913396835, 0.006814544554799795, 0.007139583118259907, 0.007464621216058731, 0.007789659779518843, 0.008114698342978954]}, "gradients/graph_2layers.1.bias": {"_type": "histogram", "values": [1.0, 0.0, 0.0, 0.0, 0.0, 0.0, 0.0, 0.0, 0.0, 0.0, 0.0, 0.0, 0.0, 0.0, 0.0, 0.0, 0.0, 0.0, 0.0, 0.0, 0.0, 0.0, 0.0, 0.0, 0.0, 0.0, 0.0, 0.0, 0.0, 0.0, 0.0, 0.0, 0.0, 0.0, 0.0, 0.0, 1.0, 0.0, 0.0, 0.0, 0.0, 0.0, 0.0, 1.0, 0.0, 0.0, 0.0, 0.0, 2.0, 0.0, 1.0, 0.0, 1.0, 1.0, 1.0, 0.0, 1.0, 0.0, 1.0, 0.0, 0.0, 0.0, 0.0, 39.0],