{"val_loss": 0.005548759363591671, "loss": 0.004540958441793919, "_timestamp": 1661964986.2781844, "_runtime": 214.265807390213, "_step": 670, "gradients/layers.3.bias": {"_type": "histogram", "values": [1.0, 0.0, 0.0, 0.0, 0.0, 0.0, 0.0, 0.0, 0.0, 0.0, 0.0, 0.0, 0.0, 0.0, 0.0, 0.0, 0.0, 0.0, 0.0, 0.0, 0.0, 0.0, 0.0, 0.0, 0.0, 0.0, 0.0, 0.0, 0.0, 0.0, 0.0, 0.0, 0.0, 0.0, 0.0, 0.0, 0.0, 0.0, 1.0, 0.0, 0.0, 0.0, 0.0, 0.0, 0.0, 0.0, 0.0, 0.0, 0.0, 1.0, 0.0, 0.0, 0.0, 0.0, 0.0, 0.0, 0.0, 0.0, 0.0, 0.0, 0.0, 0.0, 0.0, 1.0], "bins": [-0.16853627562522888, -0.16542065143585205, -0.16230502724647522, -0.1591893881559372, -0.15607376396656036, -0.15295813977718353, -0.1498425155878067, -0.14672689139842987, -0.14361125230789185, -0.14049562811851501, -0.13738000392913818, -0.13426437973976135, -0.13114875555038452, -0.1280331313610077, -0.12491749972105026, -0.12180186808109283, -0.118686243891716, -0.11557061970233917, -0.11245498806238174, -0.10933936387300491, -0.10622373223304749, -0.10310810804367065, -0.09999248385429382, -0.09687685966491699, -0.09376122802495956, -0.09064559638500214, -0.0875299721956253, -0.08441434800624847, -0.08129872381687164, -0.07818309217691422, -0.07506746798753738, -0.07195183634757996, -0.06883621215820312, -0.0657205879688263, -0.06260495632886887, -0.059489332139492035, -0.056373704224824905, -0.053258076310157776, -0.050142452120780945, -0.047026824206113815, -0.043911196291446686, -0.040795568376779556, -0.03767994046211243, -0.034564316272735596, -0.031448688358068466, -0.028333060443401337, -0.025217436254024506, -0.022101808339357376, -0.018986176699399948, -0.01587054878473282, -0.012754922732710838, -0.009639295749366283, -0.0065236687660217285, -0.0034080417826771736, -0.0002924147993326187, 0.0028232112526893616, 0.005938839167356491, 0.00905446708202362, 0.012170093134045601, 0.015285719186067581, 0.01840134710073471, 0.02151697501540184, 0.02463259920477867, 0.0277482271194458, 0.03086385503411293]}, "gradients/layers.3.weight": {"_type": "histogram", "values": [1.0, 0.0, 0.0, 0.0, 0.0, 0.0, 0.0, 0.0, 0.0, 0.0, 0.0, 0.0, 1.0, 0.0, 0.0, 0.0, 1.0, 0.0, 0.0, 1.0, 0.0, 0.0, 0.0, 0.0, 0.0, 0.0, 1.0, 0.0, 0.0, 0.0, 0.0, 0.0, 0.0, 0.0, 0.0, 0.0, 1.0, 2.0, 1.0, 0.0, 1.0, 1.0, 0.0, 1.0, 2.0, 3.0, 2.0, 3.0, 1.0, 4.0, 9.0, 134.0, 12.0, 7.0, 3.0, 2.0, 2.0, 1.0, 0.0, 0.0, 0.0, 0.0, 1.0, 2.0], "bins": [-0.05678355321288109, -0.05568862706422806, -0.054593704640865326, -0.053498778492212296, -0.052403852343559265, -0.05130892992019653, -0.0502140037715435, -0.04911908134818077, -0.04802415519952774, -0.04692923277616501, -0.04583430662751198, -0.04473938047885895, -0.043644458055496216, -0.042549531906843185, -0.041454605758190155, -0.04035968333482742, -0.03926475718617439, -0.03816983103752136, -0.03707490861415863, -0.0359799824655056, -0.03488505631685257, -0.03379013389348984, -0.03269520774483681, -0.031600285321474075, -0.030505359172821045, -0.029410434886813164, -0.028315510600805283, -0.027220584452152252, -0.02612566016614437, -0.02503073588013649, -0.02393580973148346, -0.02284088544547558, -0.021745961159467697, -0.020651036873459816, -0.019556112587451935, -0.018461186438798904, -0.017366262152791023, -0.016271337866783142, -0.015176412649452686, -0.01408148743212223, -0.01298656314611435, -0.011891638860106468, -0.010796713642776012, -0.009701788425445557, -0.008606864139437675, -0.007511939853429794, -0.0064170146360993385, -0.005322089418768883, -0.004227166064083576, -0.0031322413124144077, -0.0020373165607452393, -0.0009423918090760708, 0.0001525329425930977, 0.0012474576942622662, 0.0023423824459314346, 0.003437307197600603, 0.004532231949269772, 0.005627156235277653, 0.0067220814526081085, 0.007817006669938564, 0.008911930955946445, 0.010006855241954327, 0.011101780459284782, 0.012196705676615238, 0.01329162996262312]}, "gradients/layers.2.bias": {"_type": "histogram", "values": [1.0, 0.0, 0.0, 0.0, 0.0, 0.0, 1.0, 2.0, 1.0, 1.0, 3.0, 29.0, 3.0, 0.0, 1.0, 0.0, 1.0, 0.0, 0.0, 0.0, 0.0, 0.0, 1.0, 0.0, 0.0, 0.0, 0.0, 0.0, 0.0, 1.0, 0.0, 0.0, 0.0, 0.0, 1.0, 0.0, 0.0, 0.0, 0.0, 0.0, 1.0, 0.0, 0.0, 0.0, 0.0, 0.0, 0.0, 0.0, 0.0, 0.0, 0.0, 1.0, 0.0, 0.0, 1.0, 0.0, 0.0, 0.0, 0.0, 0.0, 0.0, 0.0, 0.0, 1.0], "bins": [-0.011092898435890675, -0.010136280208826065, -0.009179661981761456, -0.008223043754696846, -0.0072664255276322365, -0.006309807766228914, -0.005353189539164305, -0.004396571312099695, -0.0034399530850350857, -0.0024833353236317635, -0.001526717096567154, -0.0005700988695025444, 0.0003865193575620651, 0.0013431375846266747, 0.002299755811691284, 0.0032563740387558937, 0.004212992265820503, 0.005169610492885113, 0.006126228719949722, 0.007082846947014332, 0.008039465174078941, 0.008996082469820976, 0.00995270162820816, 0.010909318923950195, 0.01186593808233738, 0.012822555378079414, 0.013779173605144024, 0.014735791832208633, 0.01569240912795067, 0.016649028286337852, 0.017605647444725037, 0.01856226474046707, 0.019518883898854256, 0.02047550119459629, 0.021432120352983475, 0.02238873764872551, 0.023345356807112694, 0.02430197410285473, 0.025258593261241913, 0.026215210556983948, 0.027171829715371132, 0.028128447011113167, 0.02908506616950035, 0.030041683465242386, 0.03099830076098442, 0.031954921782016754, 0.03291153907775879, 0.033868156373500824, 0.03482477366924286, 0.035781390964984894, 0.03673800826072693, 0.03769462928175926, 0.0386512465775013, 0.03960786387324333, 0.04056448116898537, 0.0415211021900177, 0.042477719485759735, 0.04343433678150177, 0.044390954077243805, 0.04534757137298584, 0.04630419239401817, 0.04726080968976021, 0.04821742698550224, 0.049174048006534576, 0.05013066530227661]}, "gradients/layers.2.weight": {"_type": "histogram", "values": [1.0, 0.0, 0.0, 1.0, 1.0, 0.0, 0.0, 4.0, 4.0, 3.0, 3.0, 6.0, 8.0, 20.0, 40.0, 2242.0, 60.0, 12.0, 26.0, 19.0, 6.0, 5.0, 3.0, 11.0, 4.0, 1.0, 4.0, 2.0, 2.0, 1.0, 2.0, 2.0, 0.0, 2.0, 1.0, 0.0, 0.0, 0.0, 0.0, 0.0, 1.0, 1.0, 0.0, 0.0, 0.0, 1.0, 0.0, 0.0, 0.0, 0.0, 0.0, 0.0, 0.0, 0.0, 0.0, 0.0, 0.0, 0.0, 0.0, 0.0, 0.0, 0.0, 0.0, 1.0], "bins": [-0.005182642489671707, -0.004849140532314777, -0.004515638574957848, -0.004182136617600918, -0.0038486344274133444, -0.0035151324700564146, -0.003181630279868841, -0.0028481283225119114, -0.0025146263651549816, -0.002181124407798052, -0.001847622450441122, -0.0015141202602535486, -0.0011806180700659752, -0.0008471161127090454, -0.0005136141553521156, -0.00018011219799518585, 0.00015338975936174393, 0.0004868917749263346, 0.0008203937904909253, 0.001153895864263177, 0.0014873978216201067, 0.0018208997789770365, 0.00215440196916461, 0.0024879039265215397, 0.0028214058838784695, 0.0031549078412353992, 0.003488409798592329, 0.0038219119887799025, 0.004155414178967476, 0.004488916136324406, 0.0048224180936813354, 0.005155920051038265, 0.005489422008395195, 0.005822923965752125, 0.0061564259231090546, 0.006489927880465984, 0.006823429837822914, 0.007156931795179844, 0.007490434218198061, 0.007823936641216278, 0.008157437667250633, 0.008490940555930138, 0.008824441581964493, 0.009157944470643997, 0.009491446428000927, 0.009824948385357857, 0.010158450342714787, 0.010491952300071716, 0.010825454257428646, 0.011158956214785576, 0.011492458172142506, 0.011825960129499435, 0.012159462086856365, 0.012492964044213295, 0.0128264669328928, 0.013159967958927155, 0.013493470847606659, 0.013826971873641014, 0.014160474762320518, 0.014493976719677448, 0.014827478677034378, 0.015160980634391308, 0.015494482591748238, 0.015827983617782593, 0.016161486506462097]}, "gradients/layers.1.bias": {"_type": "histogram", "values": [1.0, 1.0, 0.0, 0.0, 0.0, 0.0, 0.0, 0.0, 0.0, 0.0, 0.0, 0.0, 0.0, 0.0, 0.0, 1.0, 1.0, 1.0, 1.0, 1.0, 3.0, 2.0, 25.0, 5.0, 1.0, 1.0, 0.0, 2.0, 0.0, 0.0, 0.0, 0.0, 1.0, 0.0, 1.0, 0.0, 0.0, 0.0, 0.0, 0.0, 0.0, 1.0, 0.0, 0.0, 0.0, 0.0, 0.0, 0.0, 0.0, 0.0, 0.0, 0.0, 0.0, 0.0, 0.0, 0.0, 0.0, 0.0, 0.0, 0.0, 0.0, 0.0, 0.0, 1.0],