{"val_loss": 0.010304493829607964, "loss": 0.00976873841136694, "_timestamp": 1661967652.6180923, "_runtime": 376.17777824401855, "_step": 1000, "gradients/layers.4.bias": {"_type": "histogram", "values": [1.0, 0.0, 0.0, 0.0, 0.0, 0.0, 0.0, 0.0, 0.0, 0.0, 0.0, 0.0, 0.0, 0.0, 0.0, 0.0, 0.0, 0.0, 0.0, 0.0, 0.0, 0.0, 0.0, 0.0, 0.0, 0.0, 0.0, 0.0, 0.0, 0.0, 0.0, 0.0, 0.0, 0.0, 0.0, 0.0, 0.0, 0.0, 0.0, 0.0, 0.0, 0.0, 0.0, 0.0, 0.0, 0.0, 0.0, 0.0, 0.0, 0.0, 0.0, 0.0, 0.0, 0.0, 0.0, 0.0, 0.0, 0.0, 1.0, 0.0, 0.0, 0.0, 0.0, 2.0], "bins": [-0.07932301610708237, -0.07825589925050735, -0.07718877494335175, -0.07612165808677673, -0.07505453377962112, -0.07398741692304611, -0.0729202926158905, -0.07185317575931549, -0.07078605145215988, -0.06971893459558487, -0.06865181028842926, -0.06758469343185425, -0.06651757657527924, -0.06545045226812363, -0.06438333541154861, -0.063316211104393, -0.06224909424781799, -0.06118197366595268, -0.06011485308408737, -0.05904773250222206, -0.05798061192035675, -0.05691349506378174, -0.05584637075662613, -0.05477925390005112, -0.053712133318185806, -0.052645012736320496, -0.051577892154455185, -0.050510771572589874, -0.049443650990724564, -0.04837653040885925, -0.04730940982699394, -0.04624228924512863, -0.04517516493797302, -0.04410804435610771, -0.0430409237742424, -0.04197380319237709, -0.04090668261051178, -0.03983956575393677, -0.03877244144678116, -0.037705324590206146, -0.036638204008340836, -0.035571083426475525, -0.034503962844610214, -0.033436842262744904, -0.03236972168087959, -0.03130260109901428, -0.03023548051714897, -0.02916836179792881, -0.02810124307870865, -0.027034122496843338, -0.025967001914978027, -0.024899881333112717, -0.023832762613892555, -0.022765642032027245, -0.021698521450161934, -0.020631400868296623, -0.019564282149076462, -0.01849716156721115, -0.01743004098534584, -0.01636292040348053, -0.015295799821615219, -0.014228680171072483, -0.013161559589207172, -0.012094439938664436, -0.011027318425476551]}, "gradients/layers.4.weight": {"_type": "histogram", "values": [1.0, 1.0, 3.0, 2.0, 2.0, 1.0, 1.0, 0.0, 1.0, 3.0, 1.0, 5.0, 1.0, 5.0, 5.0, 0.0, 7.0, 5.0, 8.0, 8.0, 12.0, 17.0, 18.0, 12.0, 11.0, 18.0, 16.0, 8.0, 76.0, 20.0, 18.0, 13.0, 4.0, 9.0, 7.0, 7.0, 10.0, 4.0, 2.0, 6.0, 4.0, 3.0, 3.0, 5.0, 6.0, 7.0, 2.0, 3.0, 0.0, 0.0, 0.0, 1.0, 0.0, 1.0, 1.0, 2.0, 0.0, 1.0, 3.0, 3.0, 3.0, 2.0, 1.0, 1.0], "bins": [-0.006955462042242289, -0.006710514891892672, -0.006465567741543055, -0.006220620591193438, -0.005975673906505108, -0.005730726756155491, -0.005485779605805874, -0.005240832455456257, -0.00499588530510664, -0.004750938154757023, -0.004505991004407406, -0.004261043854057789, -0.004016096703708172, -0.0037711497861891985, -0.003526202868670225, -0.003281255718320608, -0.003036308567970991, -0.002791361417621374, -0.002546414267271757, -0.0023014673497527838, -0.0020565201994031668, -0.0018115730490535498, -0.0015666260151192546, -0.0013216789811849594, -0.0010767318308353424, -0.0008317846804857254, -0.0005868375301361084, -0.00034189061261713505, -9.694346226751804e-05, 0.00014800368808209896, 0.0003929506056010723, 0.0006378977559506893, 0.000882844440639019, 0.001127791590988636, 0.0013727386249229312, 0.0016176856588572264, 0.0018626328092068434, 0.0021075799595564604, 0.0023525268770754337, 0.0025974740274250507, 0.0028424211777746677, 0.0030873683281242847, 0.0033323154784739017, 0.003577262395992875, 0.003822209546342492, 0.0040671564638614655, 0.0043121036142110825, 0.0045570507645606995, 0.0048019979149103165, 0.0050469450652599335, 0.0052918922156095505, 0.0055368393659591675, 0.0057817865163087845, 0.0060267336666584015, 0.006271680351346731, 0.006516627501696348, 0.006761574652045965, 0.007006521802395582, 0.007251468952745199, 0.007496415637433529, 0.007741362787783146, 0.007986309938132763, 0.00823125708848238, 0.008476204238831997, 0.008721151389181614]}, "gradients/layers.3.bias": {"_type": "histogram", "values": [1.0, 0.0, 0.0, 0.0, 0.0, 0.0, 0.0, 0.0, 0.0, 0.0, 0.0, 0.0, 0.0, 0.0, 0.0, 1.0, 1.0, 1.0, 0.0, 0.0, 2.0, 1.0, 1.0, 2.0, 0.0, 2.0, 0.0, 2.0, 2.0, 7.0, 3.0, 6.0, 25.0, 8.0, 3.0, 8.0, 3.0, 7.0, 3.0, 2.0, 0.0, 1.0, 0.0, 3.0, 0.0, 0.0, 1.0, 1.0, 0.0, 0.0, 0.0, 1.0, 0.0, 0.0, 0.0, 0.0, 1.0, 0.0, 0.0, 0.0, 0.0, 0.0, 0.0, 1.0], "bins": [-0.009906791150569916, -0.009601608850061893, -0.009296425618231297, -0.008991243317723274, -0.008686061017215252, -0.00838087871670723, -0.008075695484876633, -0.00777051318436861, -0.007465330883860588, -0.0071601481176912785, -0.006854965351521969, -0.0065497830510139465, -0.006244600284844637, -0.005939417984336615, -0.005634235218167305, -0.005329052917659283, -0.005023870151489973, -0.0047186873853206635, -0.004413505084812641, -0.0041083223186433315, -0.0038031400181353092, -0.0034979572519659996, -0.0031927747186273336, -0.0028875921852886677, -0.0025824096519500017, -0.0022772271186113358, -0.00197204458527267, -0.0016668620519340038, -0.0013616792857646942, -0.001056496985256672, -0.0007513142190873623, -0.00044613191857934, -0.00014094915241003036, 0.00016423341003246605, 0.0004694159724749625, 0.0007745985640212893, 0.0010797810973599553, 0.0013849636306986213, 0.001690146280452609, 0.001995328813791275, 0.002300511347129941, 0.002605693880468607, 0.002910876413807273, 0.003216058947145939, 0.0035212417133152485, 0.003826424013823271, 0.00413160677999258, 0.004436789080500603, 0.004741971846669912, 0.005047154612839222, 0.005352336913347244, 0.005657519679516554, 0.005962701980024576, 0.006267884746193886, 0.006573067046701908, 0.006878249812871218, 0.007183432579040527, 0.00748861487954855, 0.007793797180056572, 0.008098980411887169, 0.008404162712395191, 0.008709345012903214, 0.00901452824473381, 0.009319709613919258, 0.009624892845749855]}, "gradients/layers.3.weight": {"_type": "histogram", "values": [2.0, 2.0, 1.0, 4.0, 1.0, 3.0, 4.0, 7.0, 4.0, 9.0, 8.0, 12.0, 14.0, 21.0, 24.0, 38.0, 55.0, 74.0, 83.0, 106.0, 162.0, 260.0, 645.0, 6611.0, 720.0, 273.0, 202.0, 153.0, 105.0, 84.0, 60.0, 48.0, 28.0, 26.0, 24.0, 18.0, 18.0, 10.0, 13.0, 8.0, 10.0, 8.0, 9.0, 5.0, 3.0, 6.0, 3.0, 2.0, 3.0, 1.0, 3.0, 2.0, 2.0, 0.0, 0.0, 0.0, 1.0, 1.0, 0.0, 0.0, 0.0, 0.0, 0.0, 1.0], "bins": [-0.001453740638680756, -0.0013919946504756808, -0.0013302487786859274, -0.0012685027904808521, -0.0012067568022757769, -0.0011450108140707016, -0.0010832648258656263, -0.001021518954075873, -0.0009597729658707976, -0.0008980269776657224, -0.000836281047668308, -0.0007745351176708937, -0.0007127891294658184, -0.0006510431412607431, -0.0005892972112633288, -0.0005275512812659144, -0.0004658052930608392, -0.00040405933395959437, -0.00034231337485834956, -0.00028056741575710475, -0.00021882145665585995, -0.00015707549755461514, -9.532953845337033e-05, -3.3583579352125525e-05, 2.8162379749119282e-05, 8.990836795419455e-05, 0.0001516542979516089, 0.00021340022794902325, 0.0002751462161540985, 0.0003368922043591738, 0.0003986381343565881, 0.0004603840643540025, 0.0005221299361437559, 0.0005838759243488312, 0.0006456218543462455, 0.0007073677843436599, 0.0007691137725487351, 0.0008308597607538104, 0.0008926056907512248, 0.0009543516207486391, 0.0010160976089537144, 0.0010778435971587896, 0.001139589585363865, 0.0012013354571536183, 0.0012630814453586936, 0.0013248274335637689, 0.0013865733053535223, 0.0014483192935585976, 0.0015100652817636728, 0.001571811269968748, 0.0016335572581738234, 0.0016953031299635768, 0.001757049118168652, 0.0018187951063737273, 0.0018805409781634808, 0.001942286966368556, 0.0020040329545736313, 0.0020657789427787066, 0.002127524930983782, 0.0021892706863582134, 0.0022510169073939323, 0.002312762662768364, 0.002374508650973439, 0.0024362546391785145, 0.0024980006273835897]}, "gradients/layers.2.bias": {"_type": "histogram",