{"val_loss": 0.00697067566215992, "loss": 0.0070402175188064575, "_timestamp": 1661967602.6346936, "_runtime": 351.3973066806793, "_step": 1000, "gradients/layers.4.bias": {"_type": "histogram", "values": [0.0, 0.0, 0.0, 0.0, 0.0, 0.0, 0.0, 0.0, 0.0, 0.0, 0.0, 0.0, 0.0, 0.0, 0.0, 0.0, 0.0, 0.0, 0.0, 0.0, 0.0, 0.0, 0.0, 0.0, 0.0, 0.0, 0.0, 0.0, 0.0, 0.0, 0.0, 0.0, 1.0, 0.0, 0.0, 0.0, 0.0, 0.0, 0.0, 0.0, 0.0, 0.0, 0.0, 0.0, 0.0, 0.0, 0.0, 0.0, 0.0, 0.0, 0.0, 0.0, 0.0, 0.0, 0.0, 0.0, 0.0, 0.0, 0.0, 0.0, 0.0, 0.0, 0.0, 0.0], "bins": [0.10509547591209412, 0.10509547591209412, 0.10509547591209412, 0.10509547591209412, 0.10509547591209412, 0.10509547591209412, 0.10509547591209412, 0.10509547591209412, 0.10509547591209412, 0.10509547591209412, 0.10509547591209412, 0.10509547591209412, 0.10509547591209412, 0.10509547591209412, 0.10509547591209412, 0.10509547591209412, 0.10509547591209412, 0.10509547591209412, 0.10509547591209412, 0.10509547591209412, 0.10509547591209412, 0.10509547591209412, 0.10509547591209412, 0.10509547591209412, 0.10509547591209412, 0.10509547591209412, 0.10509547591209412, 0.10509547591209412, 0.10509547591209412, 0.10509547591209412, 0.10509547591209412, 0.10509547591209412, 0.10509547591209412, 0.10509547591209412, 0.10509547591209412, 0.10509547591209412, 0.10509547591209412, 0.10509547591209412, 0.10509547591209412, 0.10509547591209412, 0.10509547591209412, 0.10509547591209412, 0.10509547591209412, 0.10509547591209412, 0.10509547591209412, 0.10509547591209412, 0.10509547591209412, 0.10509547591209412, 0.10509547591209412, 0.10509547591209412, 0.10509547591209412, 0.10509547591209412, 0.10509547591209412, 0.10509547591209412, 0.10509547591209412, 0.10509547591209412, 0.10509547591209412, 0.10509547591209412, 0.10509547591209412, 0.10509547591209412, 0.10509547591209412, 0.10509547591209412, 0.10509547591209412, 0.10509547591209412, 0.10509547591209412]}, "gradients/layers.4.weight": {"_type": "histogram", "values": [1.0, 0.0, 0.0, 1.0, 1.0, 1.0, 0.0, 1.0, 0.0, 1.0, 2.0, 0.0, 0.0, 3.0, 0.0, 3.0, 2.0, 3.0, 1.0, 2.0, 2.0, 2.0, 10.0, 3.0, 3.0, 1.0, 4.0, 4.0, 6.0, 2.0, 4.0, 3.0, 2.0, 4.0, 3.0, 4.0, 3.0, 2.0, 1.0, 3.0, 1.0, 0.0, 3.0, 0.0, 1.0, 1.0, 0.0, 3.0, 0.0, 0.0, 1.0, 0.0, 0.0, 1.0, 0.0, 0.0, 0.0, 0.0, 0.0, 0.0, 0.0, 0.0, 0.0, 1.0], "bins": [-0.01289565209299326, -0.012329739518463612, -0.011763827875256538, -0.01119791530072689, -0.010632002726197243, -0.01006609108299017, -0.009500178508460522, -0.008934266865253448, -0.0083683542907238, -0.00780244218185544, -0.00723653007298708, -0.006670617498457432, -0.006104705389589071, -0.005538793280720711, -0.004972880706191063, -0.00440696906298399, -0.003841056488454342, -0.0032751443795859814, -0.002709232037886977, -0.002143319696187973, -0.0015774075873196125, -0.001011495478451252, -0.0004455831367522478, 0.00012032920494675636, 0.0006862413138151169, 0.0012521534226834774, 0.001818065531551838, 0.0023839781060814857, 0.0029498902149498463, 0.003515802323818207, 0.004081714898347855, 0.004647626541554928, 0.005213538184762001, 0.0057794502936303616, 0.006345362402498722, 0.00691127497702837, 0.00747718708589673, 0.008043099194765091, 0.008609011769294739, 0.009174924343824387, 0.00974083598703146, 0.010306747630238533, 0.01087266020476818, 0.011438572779297829, 0.012004485353827477, 0.01257039699703455, 0.013136309571564198, 0.01370222121477127, 0.014268133789300919, 0.014834046363830566, 0.01539995800703764, 0.015965869650244713, 0.01653178222477436, 0.01709769479930401, 0.017663607373833656, 0.018229519948363304, 0.018795430660247803, 0.01936134323477745, 0.0199272558093071, 0.020493168383836746, 0.021059080958366394, 0.021624993532896042, 0.02219090610742569, 0.02275681681931019, 0.023322729393839836]}, "gradients/layers.3.bias": {"_type": "histogram", "values": [1.0, 0.0, 0.0, 1.0, 1.0, 1.0, 1.0, 1.0, 1.0, 0.0, 4.0, 2.0, 3.0, 5.0, 5.0, 9.0, 9.0, 3.0, 3.0, 8.0, 4.0, 5.0, 6.0, 0.0, 1.0, 2.0, 4.0, 1.0, 1.0, 2.0, 2.0, 0.0, 1.0, 1.0, 0.0, 0.0, 1.0, 0.0, 0.0, 1.0, 1.0, 1.0, 3.0, 1.0, 0.0, 0.0, 1.0, 0.0, 1.0, 0.0, 0.0, 1.0, 0.0, 0.0, 0.0, 0.0, 0.0, 0.0, 0.0, 0.0, 0.0, 0.0, 0.0, 1.0], "bins": [-0.003865156089887023, -0.0036645159125328064, -0.0034638759680092335, -0.0032632360234856606, -0.003062595846131444, -0.0028619556687772274, -0.0026613157242536545, -0.0024606757797300816, -0.002260035602375865, -0.0020593954250216484, -0.0018587554804980755, -0.001658115303143859, -0.001457475358620286, -0.001256835414096713, -0.0010561952367424965, -0.0008555550593882799, -0.000654915114864707, -0.00045427505392581224, -0.0002536349929869175, -5.299493204802275e-05, 0.000147645128890872, 0.00034828518982976675, 0.0005489252507686615, 0.0007495653117075562, 0.000950205372646451, 0.0011508454335853457, 0.0013514854945242405, 0.001552125671878457, 0.00175276561640203, 0.001953405560925603, 0.0021540457382798195, 0.002354685915634036, 0.0025553256273269653, 0.0027559655718505383, 0.002956605749204755, 0.0031572459265589714, 0.0033578858710825443, 0.0035585258156061172, 0.003759165992960334, 0.00395980617031455, 0.004160446114838123, 0.004361086059361696, 0.004561726003885269, 0.004762366414070129, 0.004963006358593702, 0.005163646303117275, 0.0053642867133021355, 0.005564926657825708, 0.005765566602349281, 0.005966206546872854, 0.006166846491396427, 0.006367486901581287, 0.00656812684610486, 0.006768766790628433, 0.0069694072008132935, 0.007170047145336866, 0.007370687089860439, 0.007571327034384012, 0.007771966978907585, 0.007972607389092445, 0.008173247799277306, 0.008373887278139591, 0.008574527688324451, 0.008775167167186737, 0.008975807577371597]}, "gradients/layers.3.weight": {"_type": "histogram", "values": [1.0, 1.0, 0.0, 1.0, 4.0, 1.0, 7.0, 9.0, 3.0, 10.0, 3.0, 14.0, 12.0, 13.0, 15.0, 26.0, 39.0, 34.0, 32.0, 56.0, 71.0, 120.0, 139.0, 227.0, 324.0, 506.0, 852.0, 5323.0, 505.0, 341.0, 256.0, 191.0, 148.0, 104.0, 89.0, 83.0, 73.0, 53.0, 48.0, 35.0, 42.0, 27.0, 23.0, 20.0, 19.0, 20.0, 16.0, 15.0, 7.0, 10.0, 6.0, 7.0, 3.0, 4.0, 1.0, 2.0, 1.0, 0.0, 3.0, 3.0, 1.0, 0.0, 0.0, 1.0], "bins": [-0.0006617433973588049, -0.0006375347729772329, -0.0006133261485956609, -0.0005891175242140889, -0.0005649089580401778, -0.0005407003336586058, -0.0005164917092770338, -0.0004922830848954618, -0.00046807448961772025, -0.0004438658943399787, -0.0004196572699584067, -0.0003954486455768347, -0.00037124002119526267, -0.0003470314259175211, -0.0003228228015359491, -0.00029861420625820756, -0.00027440558187663555, -0.00025019695749506354, -0.000225988362217322, -0.00020177973783574998, -0.0001775711280060932, -0.00015336251817643642, -0.00012915389379486442, -0.00010494528396520764, -8.073667413555086e-05, -5.652806430589408e-05, -3.23194544762373e-05, -8.110830094665289e-06, 1.609779428690672e-05, 4.030638956464827e-05, 6.451501394622028e-05, 8.872360922396183e-05, 0.00011293223360553384, 0.00013714084343519062, 0.0001613494532648474, 0.0001855580776464194, 0.00020976668747607619, 0.00023397529730573297, 0.000258183921687305, 0.000282392546068877, 0.00030660114134661853, 0.0003308097366243601, 0.0003550183610059321, 0.0003792269853875041, 0.0004034356097690761, 0.00042764420504681766, 0.00045185282942838967, 0.0004760614247061312, 0.0005002700490877032, 0.0005244786734692752, 0.0005486872978508472, 0.0005728958640247583, 0.0005971044884063303, 0.0006213131127879024, 0.0006455217371694744, 0.0006697303615510464, 0.0006939389277249575, 0.0007181475521065295, 0.0007423561764881015, 0.0007665648008696735, 0.0007907734252512455, 0.0008149819914251566, 0.0008391906740143895, 0.0008633992401883006, 0.0008876078645698726]}, "gradients/layers.2.bias": {"_type": "histogram", "values": [2.0, 0.0, 0.0, 1.0, 1.0, 2.0, 1.0, 0.0, 0.0, 0.0, 1.0, 1.0, 1.0, 0.0, 0.0, 3.0, 2.0, 3.0, 2.0, 3.0, 4.0, 7.0, 19.0, 9.0, 8.0, 4.0, 3.0, 4.0, 2.0, 5.0, 0.0, 1.0, 1.0, 0.0, 2.0, 1.0, 2.0, 1.0, 1.0, 0.0, 0.0, 0.0, 0.0, 0.0, 0.0, 0.0, 0.0, 0.0, 0.0, 0.0, 0.0, 0.0, 0.0, 0.0, 0.0, 1.0, 0.0, 0.0, 0.0, 0.0, 1.0, 0.0, 0.0, 1.0],