{"val_loss": 0.005575666204094887, "loss": 0.004724865313619375, "_timestamp": 1661966725.0647767, "_runtime": 448.4972655773163, "_step": 1000, "gradients/graph_2layers.3.bias": {"_type": "histogram", "values": [1.0, 0.0, 0.0, 0.0, 0.0, 1.0, 0.0, 0.0, 0.0, 0.0, 0.0, 0.0, 0.0, 0.0, 0.0, 0.0, 0.0, 1.0, 0.0, 1.0, 0.0, 0.0, 0.0, 0.0, 0.0, 0.0, 0.0, 0.0, 1.0, 0.0, 0.0, 0.0, 0.0, 0.0, 0.0, 0.0, 0.0, 0.0, 0.0, 0.0, 0.0, 0.0, 0.0, 0.0, 0.0, 0.0, 0.0, 0.0, 0.0, 0.0, 0.0, 0.0, 0.0, 0.0, 0.0, 0.0, 0.0, 0.0, 0.0, 0.0, 0.0, 0.0, 0.0, 1.0], "bins": [-0.19676759839057922, -0.19003304839134216, -0.1832984983921051, -0.17656394839286804, -0.16982939839363098, -0.16309484839439392, -0.15636031329631805, -0.149625763297081, -0.14289121329784393, -0.13615666329860687, -0.1294221132993698, -0.12268757075071335, -0.11595302075147629, -0.10921847075223923, -0.10248392820358276, -0.0957493782043457, -0.08901482820510864, -0.08228027820587158, -0.07554572820663452, -0.06881118565797806, -0.062076635658741, -0.05534208565950394, -0.048607539385557175, -0.04187299311161041, -0.03513844311237335, -0.02840389311313629, -0.02166934311389923, -0.014934800565242767, -0.008200250566005707, -0.0014657005667686462, 0.005268841981887817, 0.012003391981124878, 0.018737956881523132, 0.025472505018115044, 0.032207053154706955, 0.03894159942865372, 0.04567614942789078, 0.05241069942712784, 0.0591452457010746, 0.06587979197502136, 0.07261434197425842, 0.07934889197349548, 0.08608344197273254, 0.09281798452138901, 0.09955253452062607, 0.10628708451986313, 0.11302162706851959, 0.11975617706775665, 0.1264907270669937, 0.13322527706623077, 0.13995982706546783, 0.1466943770647049, 0.15342891216278076, 0.16016346216201782, 0.16689801216125488, 0.17363256216049194, 0.180367112159729, 0.18710166215896606, 0.19383621215820312, 0.20057076215744019, 0.20730531215667725, 0.2140398621559143, 0.22077439725399017, 0.22750894725322723, 0.2342434972524643]}, "gradients/graph_2layers.3.weight": {"_type": "histogram", "values": [1.0, 0.0, 0.0, 0.0, 0.0, 1.0, 0.0, 0.0, 0.0, 0.0, 0.0, 0.0, 1.0, 0.0, 0.0, 1.0, 0.0, 1.0, 1.0, 2.0, 2.0, 1.0, 4.0, 4.0, 6.0, 5.0, 13.0, 20.0, 215.0, 8.0, 3.0, 1.0, 0.0, 1.0, 1.0, 2.0, 1.0, 0.0, 0.0, 2.0, 1.0, 0.0, 0.0, 0.0, 0.0, 0.0, 0.0, 0.0, 1.0, 0.0, 0.0, 0.0, 0.0, 0.0, 0.0, 0.0, 0.0, 0.0, 0.0, 0.0, 0.0, 0.0, 0.0, 1.0], "bins": [-0.08483373373746872, -0.08186956495046616, -0.07890539616346359, -0.07594122737646103, -0.07297705858945847, -0.0700128898024559, -0.06704872101545334, -0.06408455222845078, -0.06112038344144821, -0.05815621465444565, -0.055192045867443085, -0.05222787335515022, -0.04926370456814766, -0.046299535781145096, -0.04333536699414253, -0.04037119820713997, -0.037407029420137405, -0.03444286063313484, -0.03147869184613228, -0.028514523059129715, -0.02555035427212715, -0.022586185485124588, -0.019622014835476875, -0.016657846048474312, -0.013693677261471748, -0.010729508474469185, -0.007765339687466621, -0.004801169037818909, -0.0018370002508163452, 0.0011271685361862183, 0.004091337323188782, 0.007055506110191345, 0.010019674897193909, 0.012983843684196472, 0.015948012471199036, 0.0189121812582016, 0.021876350045204163, 0.024840518832206726, 0.02780468948185444, 0.030768858268857002, 0.033733025193214417, 0.03669719398021698, 0.03966136276721954, 0.042625535279512405, 0.04558970406651497, 0.04855387285351753, 0.051518041640520096, 0.05448221042752266, 0.05744637921452522, 0.060410548001527786, 0.06337472051382065, 0.06633888930082321, 0.06930305808782578, 0.07226722687482834, 0.0752313956618309, 0.07819556444883347, 0.08115973323583603, 0.08412390202283859, 0.08708807080984116, 0.09005223959684372, 0.09301640838384628, 0.09598057717084885, 0.09894474595785141, 0.10190891474485397, 0.10487308353185654]}, "gradients/graph_2layers.2.bias": {"_type": "histogram", "values": [1.0, 0.0, 0.0, 0.0, 0.0, 0.0, 0.0, 0.0, 0.0, 0.0, 0.0, 0.0, 0.0, 1.0, 0.0, 0.0, 0.0, 1.0, 3.0, 1.0, 27.0, 3.0, 1.0, 1.0, 0.0, 0.0, 0.0, 1.0, 1.0, 1.0, 0.0, 0.0, 0.0, 1.0, 2.0, 0.0, 0.0, 0.0, 0.0, 0.0, 1.0, 0.0, 0.0, 0.0, 0.0, 0.0, 1.0, 0.0, 0.0, 0.0, 0.0, 0.0, 0.0, 0.0, 0.0, 0.0, 0.0, 0.0, 0.0, 1.0, 0.0, 0.0, 1.0, 1.0], "bins": [-0.01959557645022869, -0.01863177679479122, -0.0176679790019989, -0.016704179346561432, -0.01574038155376911, -0.014776581898331642, -0.013812783174216747, -0.012848984450101852, -0.011885185725986958, -0.010921387001872063, -0.009957588277757168, -0.008993789553642273, -0.008029989898204803, -0.007066191174089909, -0.006102392449975014, -0.005138593725860119, -0.004174795001745224, -0.003210996277630329, -0.0022471973206847906, -0.001283398363739252, -0.0003195996396243572, 0.0006441990844905376, 0.0016079982742667198, 0.0025717969983816147, 0.0035355957224965096, 0.004499394446611404, 0.005463193170726299, 0.006426991894841194, 0.007390791550278664, 0.008354590274393559, 0.009318388998508453, 0.010282187722623348, 0.011245984584093094, 0.012209783308207989, 0.013173582032322884, 0.014137381687760353, 0.015101179480552673, 0.016064979135990143, 0.017028778791427612, 0.017992576584219933, 0.018956374377012253, 0.019920174032449722, 0.020883973687887192, 0.021847771480679512, 0.02281157113611698, 0.023775368928909302, 0.02473916858434677, 0.02570296823978424, 0.02666676603257656, 0.02763056568801403, 0.02859436348080635, 0.02955816313624382, 0.03052196092903614, 0.03148575872182846, 0.03244955837726593, 0.0334133580327034, 0.03437715768814087, 0.03534095734357834, 0.03630475327372551, 0.03726855292916298, 0.03823235258460045, 0.03919615224003792, 0.04015994817018509, 0.04112374782562256, 0.04208754748106003]}, "gradients/graph_2layers.2.weight": {"_type": "histogram", "values": [1.0, 0.0, 0.0, 0.0, 0.0, 3.0, 1.0, 0.0, 0.0, 2.0, 2.0, 1.0, 1.0, 3.0, 5.0, 22.0, 58.0, 2162.0, 88.0, 35.0, 26.0, 14.0, 15.0, 6.0, 7.0, 2.0, 4.0, 5.0, 6.0, 2.0, 6.0, 5.0, 1.0, 4.0, 1.0, 2.0, 2.0, 1.0, 2.0, 1.0, 1.0, 0.0, 0.0, 0.0, 0.0, 0.0, 0.0, 0.0, 0.0, 0.0, 0.0, 0.0, 0.0, 0.0, 0.0, 0.0, 0.0, 0.0, 1.0, 0.0, 1.0, 0.0, 0.0, 1.0], "bins": [-0.004682198632508516, -0.004412283655256033, -0.004142368212342262, -0.003872453235089779, -0.003602538025006652, -0.003332622814923525, -0.0030627078376710415, -0.0027927926275879145, -0.0025228774175047874, -0.0022529622074216604, -0.0019830469973385334, -0.00171313202008605, -0.001443216810002923, -0.001173301599919796, -0.0009033866226673126, -0.000633471179753542, -0.0003635562025010586, -9.364105062559247e-05, 0.00017627410124987364, 0.00044618925312533975, 0.0007161044050008059, 0.0009860196150839329, 0.001255934708751738, 0.0015258498024195433, 0.0017957650125026703, 0.0020656802225857973, 0.0023355954326689243, 0.0026055104099214077, 0.0028754256200045347, 0.0031453408300876617, 0.003415255807340145, 0.003685171250253916, 0.0039550866931676865, 0.00422500167042017, 0.0044949171133339405, 0.004764832090586424, 0.0050347475335001945, 0.005304662510752678, 0.005574577488005161, 0.005844492465257645, 0.006114407908171415, 0.006384323351085186, 0.006654238328337669, 0.006924153305590153, 0.007194068282842636, 0.007463983725756407, 0.00773389870300889, 0.00800381414592266, 0.008273729123175144, 0.008543644100427628, 0.008813559077680111, 0.009083474986255169, 0.009353389963507652, 0.009623304940760136, 0.009893219918012619, 0.010163134895265102, 0.010433049872517586, 0.010702965781092644, 0.010972880758345127, 0.01124279573559761, 0.011512710712850094, 0.011782625690102577, 0.012052541598677635, 0.012322456575930119, 0.012592371553182602]}, "gradients/graph_2layers.1.bias": {"_type": "histogram", "values": [1.0, 0.0, 0.0, 0.0, 0.0, 0.0, 0.0, 2.0, 0.0, 0.0, 0.0, 1.0, 0.0, 3.0, 0.0, 0.0, 2.0, 0.0, 0.0, 1.0, 2.0, 1.0, 2.0, 20.0, 5.0, 1.0, 1.0, 2.0, 2.0, 0.0, 0.0, 0.0, 0.0, 0.0, 0.0, 0.0, 1.0, 0.0, 0.0, 0.0, 0.0, 0.0, 0.0, 0.0, 0.0, 1.0, 0.0, 0.0, 0.0, 0.0, 0.0, 0.0, 0.0, 0.0, 0.0, 0.0, 1.0, 0.0, 0.0, 0.0, 0.0, 0.0, 0.0, 1.0],