{"val_loss": 0.011965678073465824, "loss": 0.011248944327235222, "_timestamp": 1661967656.3511682, "_runtime": 380.58198618888855, "_step": 1000, "gradients/layers.4.bias": {"_type": "histogram", "values": [1.0, 0.0, 0.0, 0.0, 0.0, 0.0, 0.0, 0.0, 0.0, 0.0, 0.0, 0.0, 1.0, 0.0, 0.0, 1.0, 0.0, 0.0, 0.0, 0.0, 0.0, 1.0, 0.0, 0.0, 0.0, 0.0, 0.0, 0.0, 0.0, 0.0, 0.0, 0.0, 0.0, 0.0, 0.0, 0.0, 0.0, 0.0, 0.0, 0.0, 0.0, 0.0, 0.0, 0.0, 0.0, 0.0, 0.0, 0.0, 0.0, 0.0, 0.0, 0.0, 0.0, 0.0, 0.0, 0.0, 0.0, 0.0, 0.0, 0.0, 0.0, 0.0, 0.0, 1.0], "bins": [0.016483495011925697, 0.01709202118217945, 0.017700545489788055, 0.01830907166004181, 0.018917597830295563, 0.019526122137904167, 0.02013464830815792, 0.020743172615766525, 0.02135169878602028, 0.021960224956274033, 0.022568749263882637, 0.02317727543413639, 0.023785799741744995, 0.02439432591199875, 0.025002852082252502, 0.025611378252506256, 0.02621990256011486, 0.026828428730368614, 0.02743695303797722, 0.028045479208230972, 0.028654005378484726, 0.02926252968609333, 0.029871055856347084, 0.03047958016395569, 0.031088106334209442, 0.031696632504463196, 0.03230515867471695, 0.0329136848449707, 0.03352220728993416, 0.03413073346018791, 0.034739259630441666, 0.03534778580069542, 0.035956308245658875, 0.03656483441591263, 0.03717336058616638, 0.03778188303112984, 0.03839040920138359, 0.038998935371637344, 0.0396074615418911, 0.04021598771214485, 0.04082451015710831, 0.04143303632736206, 0.042041562497615814, 0.04265008866786957, 0.04325861483812332, 0.043867141008377075, 0.04447566717863083, 0.045084189623594284, 0.04569271579384804, 0.04630124196410179, 0.046909768134355545, 0.047518290579319, 0.048126816749572754, 0.04873534291982651, 0.04934386909008026, 0.049952395260334015, 0.05056092143058777, 0.051169443875551224, 0.05177797004580498, 0.05238649621605873, 0.052995022386312485, 0.05360354483127594, 0.054212071001529694, 0.05482059717178345, 0.0554291233420372]}, "gradients/layers.4.weight": {"_type": "histogram", "values": [2.0, 1.0, 1.0, 0.0, 3.0, 9.0, 4.0, 6.0, 9.0, 3.0, 4.0, 3.0, 4.0, 12.0, 23.0, 102.0, 40.0, 16.0, 30.0, 25.0, 28.0, 30.0, 21.0, 12.0, 15.0, 12.0, 12.0, 11.0, 17.0, 9.0, 12.0, 5.0, 1.0, 1.0, 5.0, 1.0, 1.0, 0.0, 2.0, 0.0, 1.0, 2.0, 1.0, 0.0, 0.0, 0.0, 1.0, 0.0, 1.0, 0.0, 0.0, 0.0, 0.0, 1.0, 0.0, 0.0, 0.0, 0.0, 0.0, 0.0, 0.0, 0.0, 0.0, 1.0], "bins": [-0.003270168090239167, -0.0030574609991163015, -0.002844753907993436, -0.00263204681687057, -0.0024193397257477045, -0.002206632634624839, -0.001993925543501973, -0.0017812184523791075, -0.0015685113612562418, -0.0013558042701333761, -0.0011430971790105104, -0.0009303900878876448, -0.0007176829967647791, -0.0005049759056419134, -0.00029226881451904774, -7.956172339618206e-05, 0.00013314536772668362, 0.0003458524588495493, 0.000558559549972415, 0.0007712666410952806, 0.0009839737322181463, 0.001196680823341012, 0.0014093879144638777, 0.0016220950055867434, 0.001834802096709609, 0.0020475091878324747, 0.0022602162789553404, 0.002472923370078206, 0.0026856304612010717, 0.0028983375523239374, 0.003111044643446803, 0.0033237517345696688, 0.003536459058523178, 0.0037491661496460438, 0.0039618732407689095, 0.004174580331891775, 0.004387287423014641, 0.0045999945141375065, 0.004812701605260372, 0.005025408696383238, 0.0052381157875061035, 0.005450822878628969, 0.005663529969751835, 0.0058762370608747005, 0.006088944151997566, 0.006301651243120432, 0.006514358334243298, 0.006727065425366163, 0.006939772516489029, 0.007152479607611895, 0.00736518669873476, 0.007577893789857626, 0.007790600880980492, 0.00800330750644207, 0.008216015063226223, 0.008428722620010376, 0.008641429245471954, 0.008854135870933533, 0.009066843427717686, 0.009279550984501839, 0.009492257609963417, 0.009704964235424995, 0.009917671792209148, 0.010130379348993301, 0.01034308597445488]}, "gradients/layers.3.bias": {"_type": "histogram", "values": [2.0, 1.0, 0.0, 1.0, 1.0, 1.0, 0.0, 1.0, 0.0, 0.0, 1.0, 1.0, 4.0, 2.0, 2.0, 2.0, 0.0, 3.0, 1.0, 4.0, 6.0, 1.0, 8.0, 4.0, 2.0, 2.0, 2.0, 5.0, 2.0, 2.0, 0.0, 17.0, 1.0, 0.0, 1.0, 3.0, 1.0, 1.0, 1.0, 2.0, 1.0, 0.0, 1.0, 0.0, 2.0, 1.0, 1.0, 1.0, 2.0, 0.0, 0.0, 0.0, 0.0, 0.0, 0.0, 0.0, 2.0, 0.0, 0.0, 0.0, 0.0, 0.0, 0.0, 1.0], "bins": [-0.004591597244143486, -0.00444708252325654, -0.004302567802369595, -0.004158053081482649, -0.004013538360595703, -0.0038690236397087574, -0.003724508685991168, -0.0035799939651042223, -0.0034354792442172766, -0.003290964523330331, -0.003146449802443385, -0.0030019348487257957, -0.00285742012783885, -0.0027129054069519043, -0.0025683906860649586, -0.002423875965178013, -0.002279361244291067, -0.0021348465234041214, -0.0019903318025171757, -0.0018458169652149081, -0.0017013022443279624, -0.0015567875234410167, -0.0014122726861387491, -0.0012677579652518034, -0.0011232432443648577, -0.000978728523477912, -0.0008342138025909662, -0.0006896989652886987, -0.000545184244401753, -0.0004006695235148072, -0.00025615468621253967, -0.00011163996532559395, 3.2874755561351776e-05, 0.00017738950555212796, 0.00032190425554290414, 0.0004664190055336803, 0.0006109337555244565, 0.0007554484764114022, 0.0008999632555060089, 0.0010444780346006155, 0.0011889927554875612, 0.001333507476374507, 0.0014780221972614527, 0.0016225370345637202, 0.001767051755450666, 0.0019115664763376117, 0.0020560813136398792, 0.002200596034526825, 0.0023451107554137707, 0.0024896254763007164, 0.002634140197187662, 0.002778654918074608, 0.0029231696389615536, 0.0030676843598484993, 0.0032121993135660887, 0.0033567140344530344, 0.00350122875533998, 0.003645743476226926, 0.0037902581971138716, 0.003934773150831461, 0.004079287871718407, 0.004223802592605352, 0.004368317313492298, 0.004512832034379244, 0.00465734675526619]}, "gradients/layers.3.weight": {"_type": "histogram", "values": [1.0, 0.0, 0.0, 0.0, 0.0, 1.0, 0.0, 0.0, 1.0, 0.0, 2.0, 1.0, 1.0, 2.0, 1.0, 4.0, 1.0, 4.0, 6.0, 5.0, 9.0, 14.0, 18.0, 25.0, 20.0, 29.0, 42.0, 46.0, 65.0, 96.0, 101.0, 149.0, 210.0, 279.0, 400.0, 663.0, 5664.0, 1250.0, 375.0, 183.0, 99.0, 56.0, 66.0, 28.0, 22.0, 17.0, 10.0, 9.0, 6.0, 2.0, 3.0, 2.0, 1.0, 1.0, 3.0, 0.0, 1.0, 2.0, 2.0, 0.0, 0.0, 0.0, 1.0, 1.0], "bins": [-0.0015420184936374426, -0.0015003246953710914, -0.0014586307806894183, -0.001416936982423067, -0.0013752431841567159, -0.0013335493858903646, -0.0012918554712086916, -0.0012501616729423404, -0.0012084678746759892, -0.001166773959994316, -0.0011250801617279649, -0.0010833863634616137, -0.0010416924487799406, -0.0009999986505135894, -0.0009583047940395772, -0.000916610995773226, -0.0008749171392992139, -0.0008332232828252017, -0.0007915294845588505, -0.0007498356280848384, -0.0007081418298184872, -0.000666447973344475, -0.0006247541168704629, -0.0005830603186041117, -0.0005413664621300995, -0.0004996726056560874, -0.0004579788073897362, -0.00041628495091572404, -0.0003745910944417119, -0.0003328972961753607, -0.00029120343970134854, -0.0002495096414349973, -0.00020781566854566336, -0.00016612184117548168, -0.00012442799925338477, -8.273415733128786e-05, -4.104032996110618e-05, 6.534974090754986e-07, 4.2347353883087635e-05, 8.404118125326931e-05, 0.000125735008623451, 0.00016742883599363267, 0.00020912266336381435, 0.0002508165198378265, 0.0002925103763118386, 0.00033420417457818985, 0.000375898031052202, 0.0004175918293185532, 0.00045928568579256535, 0.0005009795422665775, 0.0005426733405329287, 0.0005843671970069408, 0.0006260609952732921, 0.0006677548517473042, 0.0007094487082213163, 0.0007511425064876676, 0.0007928363629616797, 0.0008345302194356918, 0.0008762240177020431, 0.0009179178741760552, 0.0009596117306500673, 0.0010013055289164186, 0.0010429993271827698, 0.0010846932418644428, 0.001126387040130794]}, "gradients/layers.2.bias": {"_type": "histogram",